id,text,label_level1,label_level2,label_level3,text_length,intent_complexity,sample_type,keywords,confidence_score
0,"净值型理财的具体流程是什么","投资理财","理财产品","净值型理财","短文本","简单","short","净值型理财, 理财, 流程",0.93
1,"我对身份识别很感兴趣，请问能介绍一下吗？我想知道相关的具体要求和办理流程","风险合规","合规咨询","身份识别","中等文本","中等","medium","身份识别, 办理, 流程",0.90
2,"请问经营贷和其他类似服务相比有什么优势？我想做一个详细的了解和对比，看看哪个更适合我的需求","信贷服务","个人贷款","经营贷","中等文本","中等","medium","经营贷",0.80
3,"委托授权的具体流程是什么","账户服务","权限设置","委托授权","短文本","简单","short","委托授权, 流程",0.93
4,"人脸识别需要什么条件","账户服务","安全验证","人脸识别","短文本","简单","short","人脸识别, 条件",0.95
5,"监管政策需要什么条件","风险合规","合规咨询","监管政策","短文本","简单","short","监管政策, 条件",0.82
6,"请问进取型产品和其他类似服务相比有什么优势？我想做一个详细的了解和对比，看看哪个更适合我的需求","产品咨询","产品推荐","进取型产品","中等文本","中等","medium","进取型产品",0.96
7,"热门产品的具体流程是什么","产品咨询","产品推荐","热门产品","短文本","简单","short","热门产品, 流程",0.94
8,"请问贸易融资和其他类似服务相比有什么优势？我想做一个详细的了解和对比，看看哪个更适合我的需求","信贷服务","企业贷款","贸易融资","中等文本","中等","medium","贸易融资",0.98
9,"请问人脸识别怎么操作","账户服务","安全验证","人脸识别","短文本","简单","short","人脸识别",0.99
10,"请问结构性存款怎么操作","投资理财","理财产品","结构性存款","短文本","简单","short","结构性存款, 存款",0.93
11,"请问担保方式和其他类似服务相比有什么优势？我想做一个详细的了解和对比，看看哪个更适合我的需求","信贷服务","额度管理","担保方式","中等文本","简单","medium","担保方式",0.96
12,"请问身份识别和其他类似服务相比有什么优势？我想做一个详细的了解和对比，看看哪个更适合我的需求","风险合规","合规咨询","身份识别","中等文本","简单","medium","身份识别",0.97
13,"贷款计算的具体流程是什么","信贷服务","个人贷款","贷款计算","短文本","简单","short","贷款计算, 贷款, 流程",0.84
14,"指数基金怎么选","投资理财","基金投资","指数基金","短文本","简单","short","指数基金, 基金",0.80
15,"请问港股通怎么操作","投资理财","股票投资","港股通","短文本","简单","short","港股通",0.87
16,"我想了解管理费的相关信息","产品咨询","费用说明","管理费","短文本","简单","short","管理费",0.95
17,"我对银行理财很感兴趣，请问能介绍一下吗？我想知道相关的具体要求和办理流程","投资理财","理财产品","银行理财","中等文本","简单","medium","银行理财, 理财, 办理, 流程",0.87
18,"我对办卡申请很感兴趣，请问能介绍一下吗？我想知道相关的具体要求和办理流程","信贷服务","信用卡服务","办卡申请","中等文本","简单","medium","办卡申请, 申请, 办理, 流程",0.85
19,"请问结构性存款怎么操作","投资理财","理财产品","结构性存款","短文本","简单","short","结构性存款, 存款",0.95
20,"固定资产贷款需要什么条件","信贷服务","企业贷款","固定资产贷款","短文本","简单","short","固定资产贷款, 贷款, 条件",0.83
21,"信息披露查询的具体流程是什么","风险合规","信息披露","信息披露查询","短文本","简单","short","信息披露查询, 查询, 流程",0.88
22,"请问固定资产贷款怎么操作","信贷服务","企业贷款","固定资产贷款","短文本","简单","short","固定资产贷款, 贷款",0.87
23,"请问权限冻结怎么操作","账户服务","权限设置","权限冻结","短文本","简单","short","权限冻结",0.92
24,"怎么修改登录密码","账户服务","密码管理","登录密码","短文本","简单","short","登录密码, 密码",0.90
25,"请问预约转账怎么操作","交易服务","转账汇款","预约转账","短文本","简单","short","预约转账, 转账",0.89
26,"办卡申请的具体流程是什么","信贷服务","信用卡服务","办卡申请","短文本","简单","short","办卡申请, 申请, 流程",0.95
27,"人寿保险的具体流程是什么","投资理财","保险规划","人寿保险","短文本","简单","short","人寿保险, 保险, 流程",0.92
28,"开放式基金怎么买","投资理财","基金投资","开放式基金","短文本","简单","short","开放式基金, 基金",0.83
29,"我想了解预约转账的相关信息","交易服务","转账汇款","预约转账","短文本","简单","short","预约转账, 转账",0.83
30,"请问投资组合怎么操作","投资理财","资产配置","投资组合","短文本","简单","short","投资组合",0.97
31,"转账限额需要什么条件","账户服务","权限设置","转账限额","短文本","简单","short","转账限额, 转账, 条件",0.80
32,"保险理赔需要什么条件","投资理财","保险规划","保险理赔","短文本","简单","short","保险理赔, 保险, 条件",0.86
33,"我想了解额度查询的相关信息","信贷服务","额度管理","额度查询","短文本","简单","short","额度查询, 额度, 查询",0.88
34,"转账限额的具体流程是什么","账户服务","权限设置","转账限额","短文本","简单","short","转账限额, 转账, 流程",0.97
35,"请问费用对比和其他类似服务相比有什么优势？我想做一个详细的了解和对比，看看哪个更适合我的需求","产品咨询","产品对比","费用对比","中等文本","简单","medium","费用对比",0.95
36,"请问产品优缺点怎么操作","产品咨询","产品对比","产品优缺点","短文本","简单","short","产品优缺点",0.93
37,"请问贸易融资和其他类似服务相比有什么优势？我想做一个详细的了解和对比，看看哪个更适合我的需求","信贷服务","企业贷款","贸易融资","中等文本","中等","medium","贸易融资",0.91
38,"我给朋友转钱，他也是你们银行的，请问转账要手续费吗？即时到账吗","交易服务","转账汇款","行内转账","中等文本","简单","medium","行内转账, 转账, 手续费",0.98
39,"请问新股申购怎么操作","投资理财","股票投资","新股申购","短文本","简单","short","新股申购",0.83
40,"担保方式需要什么条件","信贷服务","额度管理","担保方式","短文本","简单","short","担保方式, 条件",0.83
41,"请问手续费和其他类似服务相比有什么优势？我想做一个详细的了解和对比，看看哪个更适合我的需求","产品咨询","费用说明","手续费","中等文本","中等","medium","手续费",1.00
42,"我想了解电子回单的相关信息","交易服务","交易查询","电子回单","短文本","简单","short","电子回单",0.88
43,"请问投资组合和其他类似服务相比有什么优势？我想做一个详细的了解和对比，看看哪个更适合我的需求","投资理财","资产配置","投资组合","中等文本","中等","medium","投资组合",1.00
44,"房贷利率是多少","信贷服务","个人贷款","房贷","短文本","简单","short","房贷, 利率",0.96
45,"请问授信管理怎么操作","信贷服务","额度管理","授信管理","短文本","简单","short","授信管理",0.94
46,"信用贷的具体流程是什么","信贷服务","个人贷款","信用贷","短文本","简单","short","信用贷, 流程",0.98
47,"我对合规要求很感兴趣，请问能介绍一下吗？我想知道相关的具体要求和办理流程","风险合规","合规咨询","合规要求","中等文本","简单","medium","合规要求, 办理, 流程",0.92
48,"反洗钱审核要多久","风险合规","合规咨询","反洗钱","短文本","简单","short","反洗钱",0.81
49,"我想了解代扣查询的相关信息","交易服务","代扣代缴","代扣查询","短文本","简单","short","代扣查询, 查询",0.94
50,"我想了解低风险产品的相关信息","产品咨询","产品推荐","低风险产品","短文本","简单","short","低风险产品, 风险",0.92
51,"实时转账的具体流程是什么","交易服务","转账汇款","实时转账","短文本","简单","short","实时转账, 转账, 流程",0.98
52,"办卡申请需要什么条件","信贷服务","信用卡服务","办卡申请","短文本","简单","short","办卡申请, 申请, 条件",0.92
53,"产品公告的具体流程是什么","风险合规","信息披露","产品公告","短文本","简单","short","产品公告, 流程",0.89
54,"请问跨境汇款怎么操作","交易服务","转账汇款","跨境汇款","短文本","简单","short","跨境汇款",1.00
55,"贷款计算的具体流程是什么","信贷服务","个人贷款","贷款计算","短文本","简单","short","贷款计算, 贷款, 流程",0.98
56,"请问持仓分析怎么操作","投资理财","股票投资","持仓分析","短文本","简单","short","持仓分析",0.97
57,"请问盾卡管理怎么操作","账户服务","安全验证","盾卡管理","短文本","简单","short","盾卡管理",0.87
58,"充值没到账怎么办","交易服务","支付缴费","手机充值","短文本","简单","short","手机充值",0.87
59,"请问信息披露查询怎么操作","风险合规","信息披露","信息披露查询","短文本","简单","short","信息披露查询, 查询",0.87
60,"请问保险理赔怎么操作","投资理财","保险规划","保险理赔","短文本","简单","short","保险理赔, 保险",0.88
61,"我对复利计算很感兴趣，请问能介绍一下吗？我想知道相关的具体要求和办理流程","产品咨询","收益计算","复利计算","中等文本","简单","medium","复利计算, 办理, 流程",0.83
62,"担保方式需要什么条件","信贷服务","额度管理","担保方式","短文本","简单","short","担保方式, 条件",0.82
63,"请问风险等级对比和其他类似服务相比有什么优势？我想做一个详细的了解和对比，看看哪个更适合我的需求","产品咨询","产品对比","风险等级对比","中等文本","简单","medium","风险等级对比, 风险",0.95
64,"港股通需要什么条件","投资理财","股票投资","港股通","短文本","简单","short","港股通, 条件",0.82
65,"请问交易权限和其他类似服务相比有什么优势？我想做一个详细的了解和对比，看看哪个更适合我的需求","账户服务","权限设置","交易权限","中等文本","中等","medium","交易权限",0.87
66,"我对A股交易很感兴趣，请问能介绍一下吗？我想知道相关的具体要求和办理流程","投资理财","股票投资","A股交易","中等文本","简单","medium","A股交易, 办理, 流程",0.92
67,"请问股票查询和其他类似服务相比有什么优势？我想做一个详细的了解和对比，看看哪个更适合我的需求","投资理财","股票投资","股票查询","中等文本","简单","medium","股票查询, 股票, 查询",0.97
68,"我想了解股票查询的相关信息","投资理财","股票投资","股票查询","短文本","简单","short","股票查询, 股票, 查询",0.93
69,"请问信用贷和其他类似服务相比有什么优势？我想做一个详细的了解和对比，看看哪个更适合我的需求","信贷服务","个人贷款","信用贷","中等文本","中等","medium","信用贷",0.89
70,"我想了解资产配置建议的相关信息","投资理财","资产配置","资产配置建议","短文本","简单","short","资产配置建议",0.91
71,"我想了解跨境汇款的相关信息","交易服务","转账汇款","跨境汇款","短文本","简单","short","跨境汇款",0.88
72,"请问交通罚款和其他类似服务相比有什么优势？我想做一个详细的了解和对比，看看哪个更适合我的需求","交易服务","支付缴费","交通罚款","中等文本","中等","medium","交通罚款",0.80
73,"风险评估怎么做","投资理财","资产配置","风险评估","短文本","简单","short","风险评估, 风险",0.91
74,"我想了解跨境汇款的相关信息","交易服务","转账汇款","跨境汇款","短文本","简单","short","跨境汇款",0.97
75,"请问管理费怎么操作","产品咨询","费用说明","管理费","短文本","简单","short","管理费",0.89
76,"电子回单需要什么条件","交易服务","交易查询","电子回单","短文本","简单","short","电子回单, 条件",0.97
77,"请问电子回单和其他类似服务相比有什么优势？我想做一个详细的了解和对比，看看哪个更适合我的需求","交易服务","交易查询","电子回单","中等文本","简单","medium","电子回单",0.87
78,"房贷利率是多少","信贷服务","个人贷款","房贷","短文本","简单","short","房贷, 利率",0.94
79,"实际收益需要什么条件","产品咨询","收益计算","实际收益","短文本","简单","short","实际收益, 收益, 条件",0.95
80,"我想了解保险理赔的相关信息","投资理财","保险规划","保险理赔","短文本","简单","short","保险理赔, 保险",0.86
81,"我想做基金定投，每月定投2000元，请问是选周定投好还是月定投好？","投资理财","基金投资","基金定投","中等文本","中等","medium","基金定投, 基金",0.86
82,"代扣查询需要什么条件","交易服务","代扣代缴","代扣查询","短文本","简单","short","代扣查询, 查询, 条件",0.88
83,"我想了解风险等级对比的相关信息","产品咨询","产品对比","风险等级对比","短文本","简单","short","风险等级对比, 风险",0.99
84,"风险提示的具体流程是什么","风险合规","风险评估","风险提示","短文本","简单","short","风险提示, 风险, 流程",0.97
85,"怎么提升信用卡额度","信贷服务","信用卡服务","额度提升","短文本","简单","short","额度提升, 额度, 信用卡",0.92
86,"我对财产保险很感兴趣，请问能介绍一下吗？我想知道相关的具体要求和办理流程","投资理财","保险规划","财产保险","中等文本","简单","medium","财产保险, 保险, 办理, 流程",0.93
87,"跨境汇款需要什么条件","交易服务","转账汇款","跨境汇款","短文本","简单","short","跨境汇款, 条件",0.81
88,"债券基金的久期是什么意思？对我选择债券基金有什么影响？请问在利率上行和下行环境下应该怎么选择久期","投资理财","基金投资","债券基金","中等文本","简单","medium","债券基金, 利率, 基金",0.97
89,"密码找回需要什么条件","账户服务","密码管理","密码找回","短文本","简单","short","密码找回, 密码, 条件",0.91
90,"定投基金有什么好处","投资理财","基金投资","基金定投","短文本","简单","short","基金定投, 基金",0.93
91,"手机银行可以给手机充值吗？我有两张手机卡都能充吗？","交易服务","支付缴费","手机充值","短文本","简单","short","手机充值",0.98
92,"我对身份识别很感兴趣，请问能介绍一下吗？我想知道相关的具体要求和办理流程","风险合规","合规咨询","身份识别","中等文本","简单","medium","身份识别, 办理, 流程",0.93
93,"请问流动资金贷款怎么操作","信贷服务","企业贷款","流动资金贷款","短文本","简单","short","流动资金贷款, 贷款",0.87
94,"低风险产品的具体流程是什么","产品咨询","产品推荐","低风险产品","短文本","简单","short","低风险产品, 风险, 流程",0.94
95,"复利计算的具体流程是什么","产品咨询","收益计算","复利计算","短文本","简单","short","复利计算, 流程",0.86
96,"定期调整需要什么条件","投资理财","资产配置","定期调整","短文本","简单","short","定期调整, 条件",0.94
97,"反洗钱要提供什么材料","风险合规","合规咨询","反洗钱","短文本","简单","short","反洗钱, 材料",0.98
98,"请问结构性存款怎么操作","投资理财","理财产品","结构性存款","短文本","简单","short","结构性存款, 存款",0.84
99,"我对额度调整很感兴趣，请问能介绍一下吗？我想知道相关的具体要求和办理流程","信贷服务","额度管理","额度调整","中等文本","中等","medium","额度调整, 额度, 办理, 流程",0.90
100,"费用对比的具体流程是什么","产品咨询","产品对比","费用对比","短文本","简单","short","费用对比, 流程",0.94
101,"请问股票查询和其他类似服务相比有什么优势？我想做一个详细的了解和对比，看看哪个更适合我的需求","投资理财","股票投资","股票查询","中等文本","中等","medium","股票查询, 股票, 查询",0.93
102,"风险提示需要什么条件","风险合规","风险评估","风险提示","短文本","简单","short","风险提示, 风险, 条件",0.81
103,"开户需要什么证件","账户服务","开户注销","个人开户","短文本","简单","short","个人开户, 开户",0.92
104,"请问授信管理和其他类似服务相比有什么优势？我想做一个详细的了解和对比，看看哪个更适合我的需求","信贷服务","额度管理","授信管理","中等文本","中等","medium","授信管理",0.90
105,"我对账户注销很感兴趣，请问能介绍一下吗？我想知道相关的具体要求和办理流程","账户服务","开户注销","账户注销","中等文本","简单","medium","账户注销, 办理, 流程",0.87
106,"我对风险等级很感兴趣，请问能介绍一下吗？我想知道相关的具体要求和办理流程","风险合规","风险评估","风险等级","中等文本","简单","medium","风险等级, 风险, 办理, 流程",0.84
107,"请问交通罚款怎么操作","交易服务","支付缴费","交通罚款","短文本","简单","short","交通罚款",0.82
108,"风险提示书的具体流程是什么","风险合规","信息披露","风险提示书","短文本","简单","short","风险提示书, 风险, 流程",0.82
109,"信用卡激活期限是多久","信贷服务","信用卡服务","信用卡激活","短文本","简单","short","信用卡激活, 信用卡",0.98
110,"我想了解担保方式的相关信息","信贷服务","额度管理","担保方式","短文本","简单","short","担保方式",0.94
111,"我对担保方式很感兴趣，请问能介绍一下吗？我想知道相关的具体要求和办理流程","信贷服务","额度管理","担保方式","中等文本","中等","medium","担保方式, 办理, 流程",0.86
112,"电子回单的具体流程是什么","交易服务","交易查询","电子回单","短文本","简单","short","电子回单, 流程",0.84
113,"我想了解净值型理财的相关信息","投资理财","理财产品","净值型理财","短文本","简单","short","净值型理财, 理财",0.89
114,"请问开放式基金的净值是怎么计算的？我关注的是每日净值更新时间以及计算公式，还有影响净值波动的因素有哪些","投资理财","基金投资","开放式基金","中等文本","中等","medium","开放式基金, 基金",0.96
115,"我想了解委托授权的相关信息","账户服务","权限设置","委托授权","短文本","简单","short","委托授权",0.88
116,"我对进取型产品很感兴趣，请问能介绍一下吗？我想知道相关的具体要求和办理流程","产品咨询","产品推荐","进取型产品","中等文本","简单","medium","进取型产品, 办理, 流程",0.81
117,"我想了解进取型产品的相关信息","产品咨询","产品推荐","进取型产品","短文本","简单","short","进取型产品",0.90
118,"我想了解美股交易的相关信息","投资理财","股票投资","美股交易","短文本","简单","short","美股交易",0.96
119,"账户注销需要什么条件","账户服务","开户注销","账户注销","短文本","简单","short","账户注销, 条件",0.95
120,"实名认证需要什么条件","账户服务","安全验证","实名认证","短文本","简单","short","实名认证, 条件",0.84
121,"我对定期调整很感兴趣，请问能介绍一下吗？我想知道相关的具体要求和办理流程","投资理财","资产配置","定期调整","中等文本","中等","medium","定期调整, 办理, 流程",0.96
122,"我想了解产品说明书的相关信息","风险合规","信息披露","产品说明书","短文本","简单","short","产品说明书",0.92
123,"请问交通罚款和其他类似服务相比有什么优势？我想做一个详细的了解和对比，看看哪个更适合我的需求","交易服务","支付缴费","交通罚款","中等文本","简单","medium","交通罚款",0.91
124,"请问临时额度怎么操作","信贷服务","信用卡服务","临时额度","短文本","简单","short","临时额度, 额度",0.88
125,"实名认证的具体流程是什么","账户服务","安全验证","实名认证","短文本","简单","short","实名认证, 流程",0.90
126,"贷款计算的具体流程是什么","信贷服务","个人贷款","贷款计算","短文本","简单","short","贷款计算, 贷款, 流程",0.92
127,"我想了解转账限额的相关信息","账户服务","权限设置","转账限额","短文本","简单","short","转账限额, 转账",0.95
128,"我想了解承受能力的相关信息","风险合规","风险评估","承受能力","短文本","简单","short","承受能力",0.95
129,"请问委托授权和其他类似服务相比有什么优势？我想做一个详细的了解和对比，看看哪个更适合我的需求","账户服务","权限设置","委托授权","中等文本","简单","medium","委托授权",0.98
130,"预期收益型需要什么条件","投资理财","理财产品","预期收益型","短文本","简单","short","预期收益型, 收益, 条件",0.84
131,"我有10万块钱想买债券基金，请问国债基金和信用债基金哪个更安全？收益大概有多少？","投资理财","基金投资","债券基金","中等文本","中等","medium","债券基金, 收益, 基金",0.86
132,"我对收益率对比很感兴趣，请问能介绍一下吗？我想知道相关的具体要求和办理流程","产品咨询","产品对比","收益率对比","中等文本","简单","medium","收益率对比, 收益, 办理, 流程",0.95
133,"请问资产配置建议怎么操作","投资理财","资产配置","资产配置建议","短文本","简单","short","资产配置建议",0.94
134,"我想了解净值型理财的相关信息","投资理财","理财产品","净值型理财","短文本","简单","short","净值型理财, 理财",0.86
135,"信用卡激活要收费吗","信贷服务","信用卡服务","信用卡激活","短文本","简单","short","信用卡激活, 信用卡",0.88
136,"短信验证的具体流程是什么","账户服务","安全验证","短信验证","短文本","简单","short","短信验证, 流程",0.82
137,"我对交易权限很感兴趣，请问能介绍一下吗？我想知道相关的具体要求和办理流程","账户服务","权限设置","交易权限","中等文本","简单","medium","交易权限, 办理, 流程",0.97
138,"我对短信验证很感兴趣，请问能介绍一下吗？我想知道相关的具体要求和办理流程","账户服务","安全验证","短信验证","中等文本","中等","medium","短信验证, 办理, 流程",0.84
139,"我对稳健型产品很感兴趣，请问能介绍一下吗？我想知道相关的具体要求和办理流程","产品咨询","产品推荐","稳健型产品","中等文本","中等","medium","稳健型产品, 办理, 流程",0.98
140,"基金转换需要什么条件","投资理财","基金投资","基金转换","短文本","简单","short","基金转换, 基金, 条件",0.97
141,"我对额度调整很感兴趣，请问能介绍一下吗？我想知道相关的具体要求和办理流程","信贷服务","额度管理","额度调整","中等文本","中等","medium","额度调整, 额度, 办理, 流程",0.94
142,"我对账单分期很感兴趣，请问能介绍一下吗？我想知道相关的具体要求和办理流程","信贷服务","信用卡服务","账单分期","中等文本","简单","medium","账单分期, 办理, 流程",0.97
143,"我对预期收益型很感兴趣，请问能介绍一下吗？我想知道相关的具体要求和办理流程","投资理财","理财产品","预期收益型","中等文本","中等","medium","预期收益型, 收益, 办理, 流程",0.96
144,"请问委托授权怎么操作","账户服务","权限设置","委托授权","短文本","简单","short","委托授权",0.87
145,"我对流动资金贷款很感兴趣，请问能介绍一下吗？我想知道相关的具体要求和办理流程","信贷服务","企业贷款","流动资金贷款","中等文本","简单","medium","流动资金贷款, 贷款, 办理, 流程",0.96
146,"A股交易需要什么条件","投资理财","股票投资","A股交易","短文本","简单","short","A股交易, 条件",0.97
147,"手机话费怎么充值","交易服务","支付缴费","手机充值","短文本","简单","short","手机充值",0.86
148,"密码重置的具体流程是什么","账户服务","密码管理","密码重置","短文本","简单","short","密码重置, 密码, 流程",0.82
149,"请问港股通怎么操作","投资理财","股票投资","港股通","短文本","简单","short","港股通",0.81
150,"我想了解代扣设置的相关信息","交易服务","代扣代缴","代扣设置","短文本","简单","short","代扣设置",0.88
151,"登录密码要求包含大小写字母和数字，请问具体是什么格式？最少要几位字符","账户服务","密码管理","登录密码","中等文本","中等","medium","登录密码, 密码",0.82
152,"财产保险需要什么条件","投资理财","保险规划","财产保险","短文本","简单","short","财产保险, 保险, 条件",0.91
153,"流动资金贷款需要什么条件","信贷服务","企业贷款","流动资金贷款","短文本","简单","short","流动资金贷款, 贷款, 条件",0.87
154,"请问意外险怎么操作","投资理财","保险规划","意外险","短文本","简单","short","意外险",0.83
155,"请问银行理财和其他类似服务相比有什么优势？我想做一个详细的了解和对比，看看哪个更适合我的需求","投资理财","理财产品","银行理财","中等文本","中等","medium","银行理财, 理财",1.00
156,"我对休眠账户激活很感兴趣，请问能介绍一下吗？我想知道相关的具体要求和办理流程","账户服务","开户注销","休眠账户激活","中等文本","中等","medium","休眠账户激活, 办理, 流程",0.81
157,"我想了解固定资产贷款的相关信息","信贷服务","企业贷款","固定资产贷款","短文本","简单","short","固定资产贷款, 贷款",0.87
158,"请问休眠账户激活怎么操作","账户服务","开户注销","休眠账户激活","短文本","简单","short","休眠账户激活",0.96
159,"我对实时转账很感兴趣，请问能介绍一下吗？我想知道相关的具体要求和办理流程","交易服务","转账汇款","实时转账","中等文本","中等","medium","实时转账, 转账, 办理, 流程",0.83
160,"风险评估不通过怎么办","投资理财","资产配置","风险评估","短文本","简单","short","风险评估, 风险",0.91
161,"请问健康保险和其他类似服务相比有什么优势？我想做一个详细的了解和对比，看看哪个更适合我的需求","投资理财","保险规划","健康保险","中等文本","中等","medium","健康保险, 保险",0.86
162,"请问手续费和其他类似服务相比有什么优势？我想做一个详细的了解和对比，看看哪个更适合我的需求","产品咨询","费用说明","手续费","中等文本","简单","medium","手续费",0.93
163,"我对基金赎回很感兴趣，请问能介绍一下吗？我想知道相关的具体要求和办理流程","投资理财","基金投资","基金赎回","中等文本","中等","medium","基金赎回, 基金, 办理, 流程",0.86
164,"消费贷能贷多少钱","信贷服务","个人贷款","消费贷","短文本","简单","short","消费贷",0.99
165,"我想了解健康保险的相关信息","投资理财","保险规划","健康保险","短文本","简单","short","健康保险, 保险",0.93
166,"预期收益需要什么条件","产品咨询","收益计算","预期收益","短文本","简单","short","预期收益, 收益, 条件",0.89
167,"请问贸易融资怎么操作","信贷服务","企业贷款","贸易融资","短文本","简单","short","贸易融资",0.83
168,"授信管理需要什么条件","信贷服务","额度管理","授信管理","短文本","简单","short","授信管理, 条件",0.90
169,"请问银行理财怎么操作","投资理财","理财产品","银行理财","短文本","简单","short","银行理财, 理财",0.83
170,"我对实际收益很感兴趣，请问能介绍一下吗？我想知道相关的具体要求和办理流程","产品咨询","收益计算","实际收益","中等文本","简单","medium","实际收益, 收益, 办理, 流程",0.96
171,"我对转账限额很感兴趣，请问能介绍一下吗？我想知道相关的具体要求和办理流程","账户服务","权限设置","转账限额","中等文本","简单","medium","转账限额, 转账, 办理, 流程",0.81
172,"反洗钱要提供什么材料","风险合规","合规咨询","反洗钱","短文本","简单","short","反洗钱, 材料",0.87
173,"银行理财需要什么条件","投资理财","理财产品","银行理财","短文本","简单","short","银行理财, 理财, 条件",0.97
174,"纯债基金和混合债基的区别","投资理财","基金投资","债券基金","短文本","简单","short","债券基金, 基金",0.96
175,"请问身份识别怎么操作","风险合规","合规咨询","身份识别","短文本","简单","short","身份识别",0.91
176,"基金转换的具体流程是什么","投资理财","基金投资","基金转换","短文本","简单","short","基金转换, 基金, 流程",0.92
177,"请问风险提示书和其他类似服务相比有什么优势？我想做一个详细的了解和对比，看看哪个更适合我的需求","风险合规","信息披露","风险提示书","中等文本","简单","medium","风险提示书, 风险",0.94
178,"产品公告需要什么条件","风险合规","信息披露","产品公告","短文本","简单","short","产品公告, 条件",0.93
179,"合规要求需要什么条件","风险合规","合规咨询","合规要求","短文本","简单","short","合规要求, 条件",0.95
180,"电子回单需要什么条件","交易服务","交易查询","电子回单","短文本","简单","short","电子回单, 条件",0.99
181,"房贷怎么申请","信贷服务","个人贷款","房贷","短文本","简单","short","房贷, 申请",0.97
182,"风险评估有效期多久","投资理财","资产配置","风险评估","短文本","简单","short","风险评估, 风险",0.80
183,"请问代扣查询和其他类似服务相比有什么优势？我想做一个详细的了解和对比，看看哪个更适合我的需求","交易服务","代扣代缴","代扣查询","中等文本","中等","medium","代扣查询, 查询",0.89
184,"流动资金贷款的具体流程是什么","信贷服务","企业贷款","流动资金贷款","短文本","简单","short","流动资金贷款, 贷款, 流程",0.84
185,"风险提示书需要什么条件","风险合规","信息披露","风险提示书","短文本","简单","short","风险提示书, 风险, 条件",0.90
186,"风险提示书需要什么条件","风险合规","信息披露","风险提示书","短文本","简单","short","风险提示书, 风险, 条件",0.95
187,"消费贷和信用卡现金分期哪个更划算？我需要借20万用一年，请问哪种方式的利息更低，有没有其他手续费","信贷服务","个人贷款","消费贷","中等文本","中等","medium","消费贷, 信用卡, 手续费",0.84
188,"我想了解授信管理的相关信息","信贷服务","额度管理","授信管理","短文本","简单","short","授信管理",0.86
189,"合规要求需要什么条件","风险合规","合规咨询","合规要求","短文本","简单","short","合规要求, 条件",0.95
190,"我想了解管理费的相关信息","产品咨询","费用说明","管理费","短文本","简单","short","管理费",0.94
191,"请问复利计算和其他类似服务相比有什么优势？我想做一个详细的了解和对比，看看哪个更适合我的需求","产品咨询","收益计算","复利计算","中等文本","中等","medium","复利计算",0.92
192,"我想了解流动资金贷款的相关信息","信贷服务","企业贷款","流动资金贷款","短文本","简单","short","流动资金贷款, 贷款",0.86
193,"人脸识别的具体流程是什么","账户服务","安全验证","人脸识别","短文本","简单","short","人脸识别, 流程",0.91
194,"跨行转账需要什么信息","交易服务","转账汇款","跨行转账","短文本","简单","short","跨行转账, 转账",0.99
195,"我对产品公告很感兴趣，请问能介绍一下吗？我想知道相关的具体要求和办理流程","风险合规","信息披露","产品公告","中等文本","中等","medium","产品公告, 办理, 流程",0.84
196,"请问交易权限和其他类似服务相比有什么优势？我想做一个详细的了解和对比，看看哪个更适合我的需求","账户服务","权限设置","交易权限","中等文本","中等","medium","交易权限",1.00
197,"请问额度调整和其他类似服务相比有什么优势？我想做一个详细的了解和对比，看看哪个更适合我的需求","信贷服务","额度管理","额度调整","中等文本","简单","medium","额度调整, 额度",0.96
198,"我想了解历史收益查询的相关信息","产品咨询","收益计算","历史收益查询","短文本","简单","short","历史收益查询, 收益, 查询",0.87
199,"税费缴纳的具体流程是什么","交易服务","支付缴费","税费缴纳","短文本","简单","short","税费缴纳, 流程",0.84
200,"我对固定资产贷款很感兴趣，请问能介绍一下吗？我想知道相关的具体要求和办理流程","信贷服务","企业贷款","固定资产贷款","中等文本","简单","medium","固定资产贷款, 贷款, 办理, 流程",0.84
201,"请问跨境汇款怎么操作","交易服务","转账汇款","跨境汇款","短文本","简单","short","跨境汇款",0.90
202,"我想了解稳健型产品的相关信息","产品咨询","产品推荐","稳健型产品","短文本","简单","short","稳健型产品",0.80
203,"请问盾卡管理和其他类似服务相比有什么优势？我想做一个详细的了解和对比，看看哪个更适合我的需求","账户服务","安全验证","盾卡管理","中等文本","中等","medium","盾卡管理",0.83
204,"请问转账限额和其他类似服务相比有什么优势？我想做一个详细的了解和对比，看看哪个更适合我的需求","账户服务","权限设置","转账限额","中等文本","中等","medium","转账限额, 转账",0.81
205,"我想了解担保方式的相关信息","信贷服务","额度管理","担保方式","短文本","简单","short","担保方式",0.90
206,"信用贷的具体流程是什么","信贷服务","个人贷款","信用贷","短文本","简单","short","信用贷, 流程",0.81
207,"我想了解交易记录的相关信息","交易服务","交易查询","交易记录","短文本","简单","short","交易记录",0.94
208,"我想了解密码找回的相关信息","账户服务","密码管理","密码找回","短文本","简单","short","密码找回, 密码",0.90
209,"我对账户注销很感兴趣，请问能介绍一下吗？我想知道相关的具体要求和办理流程","账户服务","开户注销","账户注销","中等文本","中等","medium","账户注销, 办理, 流程",0.91
210,"请问休眠账户激活和其他类似服务相比有什么优势？我想做一个详细的了解和对比，看看哪个更适合我的需求","账户服务","开户注销","休眠账户激活","中等文本","简单","medium","休眠账户激活",0.93
211,"权限冻结需要什么条件","账户服务","权限设置","权限冻结","短文本","简单","short","权限冻结, 条件",0.82
212,"我对人脸识别很感兴趣，请问能介绍一下吗？我想知道相关的具体要求和办理流程","账户服务","安全验证","人脸识别","中等文本","中等","medium","人脸识别, 办理, 流程",0.83
213,"风险提示书的具体流程是什么","风险合规","信息披露","风险提示书","短文本","简单","short","风险提示书, 风险, 流程",0.99
214,"跨行转账多久到账","交易服务","转账汇款","跨行转账","短文本","简单","short","跨行转账, 转账",0.82
215,"请问基金转换怎么操作","投资理财","基金投资","基金转换","短文本","简单","short","基金转换, 基金",0.96
216,"水电煤缴费要手续费吗","交易服务","支付缴费","水电煤缴费","短文本","简单","short","水电煤缴费, 缴费, 手续费",0.94
217,"预期收益型需要什么条件","投资理财","理财产品","预期收益型","短文本","简单","short","预期收益型, 收益, 条件",0.83
218,"请问历史收益查询怎么操作","产品咨询","收益计算","历史收益查询","短文本","简单","short","历史收益查询, 收益, 查询",0.82
219,"请问人脸识别怎么操作","账户服务","安全验证","人脸识别","短文本","简单","short","人脸识别",0.97
220,"抵押贷的具体流程是什么","信贷服务","个人贷款","抵押贷","短文本","简单","short","抵押贷, 流程",0.92
221,"行内转账多久到账","交易服务","转账汇款","行内转账","短文本","简单","short","行内转账, 转账",1.00
222,"办卡申请需要什么条件","信贷服务","信用卡服务","办卡申请","短文本","简单","short","办卡申请, 申请, 条件",0.93
223,"投资组合的具体流程是什么","投资理财","资产配置","投资组合","短文本","简单","short","投资组合, 流程",0.92
224,"请问信息披露查询和其他类似服务相比有什么优势？我想做一个详细的了解和对比，看看哪个更适合我的需求","风险合规","信息披露","信息披露查询","中等文本","简单","medium","信息披露查询, 查询",1.00
225,"投资组合需要什么条件","投资理财","资产配置","投资组合","短文本","简单","short","投资组合, 条件",0.81
226,"额度调整的具体流程是什么","信贷服务","额度管理","额度调整","短文本","简单","short","额度调整, 额度, 流程",0.97
227,"税费缴纳需要什么条件","交易服务","支付缴费","税费缴纳","短文本","简单","short","税费缴纳, 条件",0.88
228,"我想了解赎回费的相关信息","产品咨询","费用说明","赎回费","短文本","简单","short","赎回费",0.84
229,"请问产品公告怎么操作","风险合规","信息披露","产品公告","短文本","简单","short","产品公告",0.94
230,"请问转账限额怎么操作","账户服务","权限设置","转账限额","短文本","简单","short","转账限额, 转账",0.87
231,"我想了解银行理财的相关信息","投资理财","理财产品","银行理财","短文本","简单","short","银行理财, 理财",0.93
232,"请问净值型理财和其他类似服务相比有什么优势？我想做一个详细的了解和对比，看看哪个更适合我的需求","投资理财","理财产品","净值型理财","中等文本","中等","medium","净值型理财, 理财",0.84
233,"请问短信验证和其他类似服务相比有什么优势？我想做一个详细的了解和对比，看看哪个更适合我的需求","账户服务","安全验证","短信验证","中等文本","简单","medium","短信验证",0.87
234,"消费贷需要什么条件","信贷服务","个人贷款","消费贷","短文本","简单","short","消费贷, 条件",0.99
235,"我对信息披露查询很感兴趣，请问能介绍一下吗？我想知道相关的具体要求和办理流程","风险合规","信息披露","信息披露查询","中等文本","中等","medium","信息披露查询, 查询, 办理, 流程",0.87
236,"消费贷能贷多少钱","信贷服务","个人贷款","消费贷","短文本","简单","short","消费贷",0.96
237,"电子回单的具体流程是什么","交易服务","交易查询","电子回单","短文本","简单","short","电子回单, 流程",0.99
238,"请问定期调整怎么操作","投资理财","资产配置","定期调整","短文本","简单","short","定期调整",0.99
239,"请问费用对比怎么操作","产品咨询","产品对比","费用对比","短文本","简单","short","费用对比",0.99
240,"我想了解产品优缺点的相关信息","产品咨询","产品对比","产品优缺点","短文本","简单","short","产品优缺点",0.88
241,"预期收益型的具体流程是什么","投资理财","理财产品","预期收益型","短文本","简单","short","预期收益型, 收益, 流程",0.95
242,"请问低风险产品和其他类似服务相比有什么优势？我想做一个详细的了解和对比，看看哪个更适合我的需求","产品咨询","产品推荐","低风险产品","中等文本","简单","medium","低风险产品, 风险",0.82
243,"请问合规要求怎么操作","风险合规","合规咨询","合规要求","短文本","简单","short","合规要求",0.85
244,"短信验证需要什么条件","账户服务","安全验证","短信验证","短文本","简单","short","短信验证, 条件",0.87
245,"我想了解预期收益型的相关信息","投资理财","理财产品","预期收益型","短文本","简单","short","预期收益型, 收益",0.90
246,"申请信用卡提额被拒绝了，请问是是什么原因？我要多久才能再次申请提额","信贷服务","信用卡服务","额度提升","中等文本","中等","medium","额度提升, 信用卡, 申请",0.92
247,"跨行转账多久到账","交易服务","转账汇款","跨行转账","短文本","简单","short","跨行转账, 转账",0.88
248,"身份识别需要什么条件","风险合规","合规咨询","身份识别","短文本","简单","short","身份识别, 条件",0.81
249,"净值型理财需要什么条件","投资理财","理财产品","净值型理财","短文本","简单","short","净值型理财, 理财, 条件",0.80
250,"网上银行怎么开户","账户服务","开户注销","个人开户","短文本","简单","short","个人开户, 开户",0.90
251,"请问代扣查询怎么操作","交易服务","代扣代缴","代扣查询","短文本","简单","short","代扣查询, 查询",0.97
252,"我想了解定期调整的相关信息","投资理财","资产配置","定期调整","短文本","简单","short","定期调整",0.83
253,"我想了解美股交易的相关信息","投资理财","股票投资","美股交易","短文本","简单","short","美股交易",0.81
254,"请问承受能力和其他类似服务相比有什么优势？我想做一个详细的了解和对比，看看哪个更适合我的需求","风险合规","风险评估","承受能力","中等文本","简单","medium","承受能力",0.81
255,"我对费用对比很感兴趣，请问能介绍一下吗？我想知道相关的具体要求和办理流程","产品咨询","产品对比","费用对比","中等文本","简单","medium","费用对比, 办理, 流程",0.95
256,"请问实时转账和其他类似服务相比有什么优势？我想做一个详细的了解和对比，看看哪个更适合我的需求","交易服务","转账汇款","实时转账","中等文本","中等","medium","实时转账, 转账",0.95
257,"请问资产配置建议怎么操作","投资理财","资产配置","资产配置建议","短文本","简单","short","资产配置建议",0.95
258,"预期收益型需要什么条件","投资理财","理财产品","预期收益型","短文本","简单","short","预期收益型, 收益, 条件",0.87
259,"请问经营贷怎么操作","信贷服务","个人贷款","经营贷","短文本","简单","short","经营贷",0.86
260,"账单分期的具体流程是什么","信贷服务","信用卡服务","账单分期","短文本","简单","short","账单分期, 流程",0.96
261,"请问投资组合和其他类似服务相比有什么优势？我想做一个详细的了解和对比，看看哪个更适合我的需求","投资理财","资产配置","投资组合","中等文本","中等","medium","投资组合",0.85
262,"开户需要什么证件","账户服务","开户注销","个人开户","短文本","简单","short","个人开户, 开户",0.98
263,"费用对比需要什么条件","产品咨询","产品对比","费用对比","短文本","简单","short","费用对比, 条件",0.91
264,"我想了解转账限额的相关信息","账户服务","权限设置","转账限额","短文本","简单","short","转账限额, 转账",0.99
265,"风险测评是什么","投资理财","资产配置","风险评估","短文本","简单","short","风险评估, 风险",0.97
266,"开户时要做反洗钱身份识别，请问需要提供什么信息？为什么还要问我的职业和年收入","风险合规","合规咨询","反洗钱","中等文本","中等","medium","反洗钱, 开户",0.83
267,"请问管理费怎么操作","产品咨询","费用说明","管理费","短文本","简单","short","管理费",0.92
268,"自动缴费的具体流程是什么","交易服务","代扣代缴","自动缴费","短文本","简单","short","自动缴费, 缴费, 流程",0.87
269,"请问稳健型产品和其他类似服务相比有什么优势？我想做一个详细的了解和对比，看看哪个更适合我的需求","产品咨询","产品推荐","稳健型产品","中等文本","中等","medium","稳健型产品",0.95
270,"我对盾卡管理很感兴趣，请问能介绍一下吗？我想知道相关的具体要求和办理流程","账户服务","安全验证","盾卡管理","中等文本","中等","medium","盾卡管理, 办理, 流程",0.86
271,"实名认证的具体流程是什么","账户服务","安全验证","实名认证","短文本","简单","short","实名认证, 流程",0.96
272,"请问密码找回怎么操作","账户服务","密码管理","密码找回","短文本","简单","short","密码找回, 密码",0.97
273,"开放式基金有哪些","投资理财","基金投资","开放式基金","短文本","简单","short","开放式基金, 基金",0.89
274,"基金转换的具体流程是什么","投资理财","基金投资","基金转换","短文本","简单","short","基金转换, 基金, 流程",0.99
275,"请问大额存单和其他类似服务相比有什么优势？我想做一个详细的了解和对比，看看哪个更适合我的需求","投资理财","理财产品","大额存单","中等文本","中等","medium","大额存单",0.91
276,"请问实际收益和其他类似服务相比有什么优势？我想做一个详细的了解和对比，看看哪个更适合我的需求","产品咨询","收益计算","实际收益","中等文本","简单","medium","实际收益, 收益",0.95
277,"费用对比需要什么条件","产品咨询","产品对比","费用对比","短文本","简单","short","费用对比, 条件",0.96
278,"我对实际收益很感兴趣，请问能介绍一下吗？我想知道相关的具体要求和办理流程","产品咨询","收益计算","实际收益","中等文本","中等","medium","实际收益, 收益, 办理, 流程",0.99
279,"我想了解盾卡管理的相关信息","账户服务","安全验证","盾卡管理","短文本","简单","short","盾卡管理",0.90
280,"我想了解税费缴纳的相关信息","交易服务","支付缴费","税费缴纳","短文本","简单","short","税费缴纳",0.80
281,"开放式基金有哪些","投资理财","基金投资","开放式基金","短文本","简单","short","开放式基金, 基金",0.97
282,"我想了解基金赎回的相关信息","投资理财","基金投资","基金赎回","短文本","简单","short","基金赎回, 基金",0.98
283,"我对电子回单很感兴趣，请问能介绍一下吗？我想知道相关的具体要求和办理流程","交易服务","交易查询","电子回单","中等文本","简单","medium","电子回单, 办理, 流程",0.85
284,"额度查询的具体流程是什么","信贷服务","额度管理","额度查询","短文本","简单","short","额度查询, 额度, 查询, 流程",0.89
285,"请问风险提示怎么操作","风险合规","风险评估","风险提示","短文本","简单","short","风险提示, 风险",0.83
286,"对账单的具体流程是什么","交易服务","交易查询","对账单","短文本","简单","short","对账单, 流程",0.85
287,"网上银行能缴水电费吗","交易服务","支付缴费","水电煤缴费","短文本","简单","short","水电煤缴费",0.97
288,"请问对账单和其他类似服务相比有什么优势？我想做一个详细的了解和对比，看看哪个更适合我的需求","交易服务","交易查询","对账单","中等文本","简单","medium","对账单",0.98
289,"我对人脸识别很感兴趣，请问能介绍一下吗？我想知道相关的具体要求和办理流程","账户服务","安全验证","人脸识别","中等文本","简单","medium","人脸识别, 办理, 流程",0.93
290,"我想了解监管政策的相关信息","风险合规","合规咨询","监管政策","短文本","简单","short","监管政策",0.84
291,"交易记录的具体流程是什么","交易服务","交易查询","交易记录","短文本","简单","short","交易记录, 流程",0.94
292,"请问预约转账怎么操作","交易服务","转账汇款","预约转账","短文本","简单","short","预约转账, 转账",0.96
293,"我想了解预期收益型的相关信息","投资理财","理财产品","预期收益型","短文本","简单","short","预期收益型, 收益",0.88
294,"我对贷款计算很感兴趣，请问能介绍一下吗？我想知道相关的具体要求和办理流程","信贷服务","个人贷款","贷款计算","中等文本","简单","medium","贷款计算, 贷款, 办理, 流程",0.95
295,"请问大额存单和其他类似服务相比有什么优势？我想做一个详细的了解和对比，看看哪个更适合我的需求","投资理财","理财产品","大额存单","中等文本","简单","medium","大额存单",0.85
296,"请问权限冻结怎么操作","账户服务","权限设置","权限冻结","短文本","简单","short","权限冻结",0.93
297,"我想了解代扣查询的相关信息","交易服务","代扣代缴","代扣查询","短文本","简单","short","代扣查询, 查询",0.85
298,"什么是反洗钱","风险合规","合规咨询","反洗钱","短文本","简单","short","反洗钱",0.85
299,"热门产品需要什么条件","产品咨询","产品推荐","热门产品","短文本","简单","short","热门产品, 条件",0.82
300,"请问保险理赔怎么操作","投资理财","保险规划","保险理赔","短文本","简单","short","保险理赔, 保险",0.90
301,"我对持仓分析很感兴趣，请问能介绍一下吗？我想知道相关的具体要求和办理流程","投资理财","股票投资","持仓分析","中等文本","中等","medium","持仓分析, 办理, 流程",0.99
302,"请问风险等级对比怎么操作","产品咨询","产品对比","风险等级对比","短文本","简单","short","风险等级对比, 风险",0.94
303,"信用卡提额被拒怎么办","信贷服务","信用卡服务","额度提升","短文本","简单","short","额度提升, 信用卡",0.92
304,"请问授信管理怎么操作","信贷服务","额度管理","授信管理","短文本","简单","short","授信管理",0.90
305,"请问身份识别和其他类似服务相比有什么优势？我想做一个详细的了解和对比，看看哪个更适合我的需求","风险合规","合规咨询","身份识别","中等文本","中等","medium","身份识别",0.89
306,"贸易融资需要什么条件","信贷服务","企业贷款","贸易融资","短文本","简单","short","贸易融资, 条件",0.88
307,"我想了解低风险产品的相关信息","产品咨询","产品推荐","低风险产品","短文本","简单","short","低风险产品, 风险",0.88
308,"额度调整需要什么条件","信贷服务","额度管理","额度调整","短文本","简单","short","额度调整, 额度, 条件",0.84
309,"我想了解实际收益的相关信息","产品咨询","收益计算","实际收益","短文本","简单","short","实际收益, 收益",0.84
310,"我对风险测评很感兴趣，请问能介绍一下吗？我想知道相关的具体要求和办理流程","风险合规","风险评估","风险测评","中等文本","中等","medium","风险测评, 风险, 办理, 流程",0.85
311,"请问企业开户和其他类似服务相比有什么优势？我想做一个详细的了解和对比，看看哪个更适合我的需求","账户服务","开户注销","企业开户","中等文本","简单","medium","企业开户, 开户",0.94
312,"请问抵押贷怎么操作","信贷服务","个人贷款","抵押贷","短文本","简单","short","抵押贷",0.92
313,"请问基金转换和其他类似服务相比有什么优势？我想做一个详细的了解和对比，看看哪个更适合我的需求","投资理财","基金投资","基金转换","中等文本","中等","medium","基金转换, 基金",0.88
314,"请问固定资产贷款和其他类似服务相比有什么优势？我想做一个详细的了解和对比，看看哪个更适合我的需求","信贷服务","企业贷款","固定资产贷款","中等文本","简单","medium","固定资产贷款, 贷款",0.93
315,"请问风险等级和其他类似服务相比有什么优势？我想做一个详细的了解和对比，看看哪个更适合我的需求","风险合规","风险评估","风险等级","中等文本","简单","medium","风险等级, 风险",0.93
316,"网上银行怎么开户","账户服务","开户注销","个人开户","短文本","简单","short","个人开户, 开户",0.83
317,"请问车险和其他类似服务相比有什么优势？我想做一个详细的了解和对比，看看哪个更适合我的需求","投资理财","保险规划","车险","中等文本","中等","medium","车险",0.87
318,"我对税费缴纳很感兴趣，请问能介绍一下吗？我想知道相关的具体要求和办理流程","交易服务","支付缴费","税费缴纳","中等文本","简单","medium","税费缴纳, 办理, 流程",0.83
319,"我对经营贷很感兴趣，请问能介绍一下吗？我想知道相关的具体要求和办理流程","信贷服务","个人贷款","经营贷","中等文本","简单","medium","经营贷, 办理, 流程",0.97
320,"请问税费缴纳和其他类似服务相比有什么优势？我想做一个详细的了解和对比，看看哪个更适合我的需求","交易服务","支付缴费","税费缴纳","中等文本","简单","medium","税费缴纳",0.84
321,"请问合规要求和其他类似服务相比有什么优势？我想做一个详细的了解和对比，看看哪个更适合我的需求","风险合规","合规咨询","合规要求","中等文本","中等","medium","合规要求",0.81
322,"我对产品公告很感兴趣，请问能介绍一下吗？我想知道相关的具体要求和办理流程","风险合规","信息披露","产品公告","中等文本","中等","medium","产品公告, 办理, 流程",0.97
323,"我想了解额度查询的相关信息","信贷服务","额度管理","额度查询","短文本","简单","short","额度查询, 额度, 查询",0.94
324,"我对密码重置很感兴趣，请问能介绍一下吗？我想知道相关的具体要求和办理流程","账户服务","密码管理","密码重置","中等文本","中等","medium","密码重置, 密码, 办理, 流程",0.94
325,"历史收益查询需要什么条件","产品咨询","收益计算","历史收益查询","短文本","简单","short","历史收益查询, 收益, 查询, 条件",0.99
326,"请问交易记录和其他类似服务相比有什么优势？我想做一个详细的了解和对比，看看哪个更适合我的需求","交易服务","交易查询","交易记录","中等文本","简单","medium","交易记录",0.88
327,"请问基金赎回怎么操作","投资理财","基金投资","基金赎回","短文本","简单","short","基金赎回, 基金",0.82
328,"登录密码要求包含大小写字母和数字，请问具体是什么格式？最少要几位字符","账户服务","密码管理","登录密码","中等文本","中等","medium","登录密码, 密码",0.93
329,"我对交易明细很感兴趣，请问能介绍一下吗？我想知道相关的具体要求和办理流程","交易服务","交易查询","交易明细","中等文本","中等","medium","交易明细, 办理, 流程",0.97
330,"短信验证的具体流程是什么","账户服务","安全验证","短信验证","短文本","简单","short","短信验证, 流程",0.99
331,"进取型产品需要什么条件","产品咨询","产品推荐","进取型产品","短文本","简单","short","进取型产品, 条件",0.81
332,"跨境汇款的具体流程是什么","交易服务","转账汇款","跨境汇款","短文本","简单","short","跨境汇款, 流程",0.94
333,"健康保险需要什么条件","投资理财","保险规划","健康保险","短文本","简单","short","健康保险, 保险, 条件",0.85
334,"手机银行能充值吗","交易服务","支付缴费","手机充值","短文本","简单","short","手机充值",0.83
335,"指数基金怎么选","投资理财","基金投资","指数基金","短文本","简单","short","指数基金, 基金",0.89
336,"债券基金风险大吗","投资理财","基金投资","债券基金","短文本","简单","short","债券基金, 风险, 基金",0.96
337,"我想了解对账单的相关信息","交易服务","交易查询","对账单","短文本","简单","short","对账单",0.97
338,"请问贷款计算怎么操作","信贷服务","个人贷款","贷款计算","短文本","简单","short","贷款计算, 贷款",0.96
339,"我对信用贷很感兴趣，请问能介绍一下吗？我想知道相关的具体要求和办理流程","信贷服务","个人贷款","信用贷","中等文本","中等","medium","信用贷, 办理, 流程",0.87
340,"个人消费贷怎么申请","信贷服务","个人贷款","消费贷","短文本","简单","short","消费贷, 申请",0.86
341,"请问热门产品和其他类似服务相比有什么优势？我想做一个详细的了解和对比，看看哪个更适合我的需求","产品咨询","产品推荐","热门产品","中等文本","中等","medium","热门产品",0.94
342,"请问账户注销怎么操作","账户服务","开户注销","账户注销","短文本","简单","short","账户注销",0.90
343,"请问账户注销和其他类似服务相比有什么优势？我想做一个详细的了解和对比，看看哪个更适合我的需求","账户服务","开户注销","账户注销","中等文本","中等","medium","账户注销",0.82
344,"请问风险提示书怎么操作","风险合规","信息披露","风险提示书","短文本","简单","short","风险提示书, 风险",0.90
345,"我想做基金定投，每月定投2000元，请问是选周定投好还是月定投好？","投资理财","基金投资","基金定投","中等文本","中等","medium","基金定投, 基金",0.81
346,"交通罚款需要什么条件","交易服务","支付缴费","交通罚款","短文本","简单","short","交通罚款, 条件",0.85
347,"代扣设置需要什么条件","交易服务","代扣代缴","代扣设置","短文本","简单","short","代扣设置, 条件",0.88
348,"我想了解转账限额的相关信息","账户服务","权限设置","转账限额","短文本","简单","short","转账限额, 转账",0.90
349,"请问产品优缺点和其他类似服务相比有什么优势？我想做一个详细的了解和对比，看看哪个更适合我的需求","产品咨询","产品对比","产品优缺点","中等文本","中等","medium","产品优缺点",0.93
350,"我对权限冻结很感兴趣，请问能介绍一下吗？我想知道相关的具体要求和办理流程","账户服务","权限设置","权限冻结","中等文本","中等","medium","权限冻结, 办理, 流程",0.88
351,"临时额度的具体流程是什么","信贷服务","信用卡服务","临时额度","短文本","简单","short","临时额度, 额度, 流程",0.86
352,"产品说明书的具体流程是什么","风险合规","信息披露","产品说明书","短文本","简单","short","产品说明书, 流程",0.98
353,"基金定投 SMART 定投和普通定投有什么区别？我在什么情况下应该使用智能定投策略？","投资理财","基金投资","基金定投","中等文本","简单","medium","基金定投, 基金",0.91
354,"美股交易的具体流程是什么","投资理财","股票投资","美股交易","短文本","简单","short","美股交易, 流程",0.96
355,"我刚收到你们银行寄来的信用卡，请问怎么激活？可以通过手机银行APP操作吗？","信贷服务","信用卡服务","信用卡激活","中等文本","中等","medium","信用卡激活, 信用卡",0.80
356,"我需要转账到工商银行，请问多久能到账？手续费怎么计算？","交易服务","转账汇款","跨行转账","短文本","简单","short","跨行转账, 转账, 手续费",0.88
357,"我想了解投资组合的相关信息","投资理财","资产配置","投资组合","短文本","简单","short","投资组合",0.97
358,"支付密码需要什么条件","账户服务","密码管理","支付密码","短文本","简单","short","支付密码, 密码, 条件",0.86
359,"我想了解风险提示书的相关信息","风险合规","信息披露","风险提示书","短文本","简单","short","风险提示书, 风险",0.85
360,"请问定期调整怎么操作","投资理财","资产配置","定期调整","短文本","简单","short","定期调整",0.92
361,"指数基金跟踪哪些指数","投资理财","基金投资","指数基金","短文本","简单","short","指数基金, 基金",0.84
362,"我对支付密码很感兴趣，请问能介绍一下吗？我想知道相关的具体要求和办理流程","账户服务","密码管理","支付密码","中等文本","简单","medium","支付密码, 密码, 办理, 流程",0.84
363,"风险等级对比需要什么条件","产品咨询","产品对比","风险等级对比","短文本","简单","short","风险等级对比, 风险, 条件",0.96
364,"请问预期收益型和其他类似服务相比有什么优势？我想做一个详细的了解和对比，看看哪个更适合我的需求","投资理财","理财产品","预期收益型","中等文本","简单","medium","预期收益型, 收益",0.98
365,"我对风险提示书很感兴趣，请问能介绍一下吗？我想知道相关的具体要求和办理流程","风险合规","信息披露","风险提示书","中等文本","简单","medium","风险提示书, 风险, 办理, 流程",1.00
366,"请问风险测评怎么操作","风险合规","风险评估","风险测评","短文本","简单","short","风险测评, 风险",0.88
367,"账户注销的具体流程是什么","账户服务","开户注销","账户注销","短文本","简单","short","账户注销, 流程",0.99
368,"承受能力需要什么条件","风险合规","风险评估","承受能力","短文本","简单","short","承受能力, 条件",0.85
369,"手机银行能充值吗","交易服务","支付缴费","手机充值","短文本","简单","short","手机充值",0.83
370,"请问能不能设置自动扣款缴费？每月自动从我的账户里扣水电费，怎么开通这个功能","交易服务","支付缴费","水电煤缴费","中等文本","简单","medium","水电煤缴费, 缴费",0.90
371,"休眠账户激活的具体流程是什么","账户服务","开户注销","休眠账户激活","短文本","简单","short","休眠账户激活, 流程",0.83
372,"请问权限冻结和其他类似服务相比有什么优势？我想做一个详细的了解和对比，看看哪个更适合我的需求","账户服务","权限设置","权限冻结","中等文本","中等","medium","权限冻结",0.87
373,"我对信息披露查询很感兴趣，请问能介绍一下吗？我想知道相关的具体要求和办理流程","风险合规","信息披露","信息披露查询","中等文本","中等","medium","信息披露查询, 查询, 办理, 流程",0.82
374,"我想了解预约转账的相关信息","交易服务","转账汇款","预约转账","短文本","简单","short","预约转账, 转账",0.91
375,"请问合规要求和其他类似服务相比有什么优势？我想做一个详细的了解和对比，看看哪个更适合我的需求","风险合规","合规咨询","合规要求","中等文本","中等","medium","合规要求",0.99
376,"指数基金推荐","投资理财","基金投资","指数基金","短文本","简单","short","指数基金, 基金",0.97
377,"休眠账户激活的具体流程是什么","账户服务","开户注销","休眠账户激活","短文本","简单","short","休眠账户激活, 流程",0.98
378,"预约转账需要什么条件","交易服务","转账汇款","预约转账","短文本","简单","short","预约转账, 转账, 条件",0.86
379,"收益率对比的具体流程是什么","产品咨询","产品对比","收益率对比","短文本","简单","short","收益率对比, 收益, 流程",0.80
380,"密码输错多次被锁定了","账户服务","密码管理","登录密码","短文本","简单","short","登录密码, 密码",0.89
381,"我对监管政策很感兴趣，请问能介绍一下吗？我想知道相关的具体要求和办理流程","风险合规","合规咨询","监管政策","中等文本","中等","medium","监管政策, 办理, 流程",0.86
382,"承受能力需要什么条件","风险合规","风险评估","承受能力","短文本","简单","short","承受能力, 条件",0.89
383,"意外险需要什么条件","投资理财","保险规划","意外险","短文本","简单","short","意外险, 条件",0.88
384,"盾卡管理需要什么条件","账户服务","安全验证","盾卡管理","短文本","简单","short","盾卡管理, 条件",1.00
385,"代扣设置需要什么条件","交易服务","代扣代缴","代扣设置","短文本","简单","short","代扣设置, 条件",0.82
386,"债券基金的久期是什么意思？对我选择债券基金有什么影响？请问在利率上行和下行环境下应该怎么选择久期","投资理财","基金投资","债券基金","中等文本","中等","medium","债券基金, 利率, 基金",0.84
387,"请问赎回费和其他类似服务相比有什么优势？我想做一个详细的了解和对比，看看哪个更适合我的需求","产品咨询","费用说明","赎回费","中等文本","简单","medium","赎回费",0.80
388,"我的网银登录密码忘记了，请问怎么找回？需要去柜台办理吗？","账户服务","密码管理","登录密码","短文本","简单","short","登录密码, 密码, 办理",0.90
389,"基金定投多少钱合适","投资理财","基金投资","基金定投","短文本","简单","short","基金定投, 基金",0.98
390,"大额交易需要申报吗","风险合规","合规咨询","反洗钱","短文本","简单","short","反洗钱",0.93
391,"我对代扣取消很感兴趣，请问能介绍一下吗？我想知道相关的具体要求和办理流程","交易服务","代扣代缴","代扣取消","中等文本","简单","medium","代扣取消, 办理, 流程",0.90
392,"行内转账多久到账","交易服务","转账汇款","行内转账","短文本","简单","short","行内转账, 转账",0.91
393,"实时转账的具体流程是什么","交易服务","转账汇款","实时转账","短文本","简单","short","实时转账, 转账, 流程",0.99
394,"交通罚款的具体流程是什么","交易服务","支付缴费","交通罚款","短文本","简单","short","交通罚款, 流程",0.95
395,"委托授权需要什么条件","账户服务","权限设置","委托授权","短文本","简单","short","委托授权, 条件",0.95
396,"请问风险等级怎么操作","风险合规","风险评估","风险等级","短文本","简单","short","风险等级, 风险",0.90
397,"个人消费贷怎么申请","信贷服务","个人贷款","消费贷","短文本","简单","short","消费贷, 申请",0.82
398,"请问净值型理财怎么操作","投资理财","理财产品","净值型理财","短文本","简单","short","净值型理财, 理财",0.94
399,"我要买理财产品，系统提示我要做风险评估，请问这个测评在哪里做？需要多长时间","投资理财","资产配置","风险评估","中等文本","中等","medium","风险评估, 风险, 理财",0.85
400,"我对预期收益型很感兴趣，请问能介绍一下吗？我想知道相关的具体要求和办理流程","投资理财","理财产品","预期收益型","中等文本","简单","medium","预期收益型, 收益, 办理, 流程",0.99
401,"我想了解热门产品的相关信息","产品咨询","产品推荐","热门产品","短文本","简单","short","热门产品",0.87
402,"风险等级需要什么条件","风险合规","风险评估","风险等级","短文本","简单","short","风险等级, 风险, 条件",1.00
403,"请问人脸识别和其他类似服务相比有什么优势？我想做一个详细的了解和对比，看看哪个更适合我的需求","账户服务","安全验证","人脸识别","中等文本","简单","medium","人脸识别",0.82
404,"请问账户注销怎么操作","账户服务","开户注销","账户注销","短文本","简单","short","账户注销",0.82
405,"请问企业开户和其他类似服务相比有什么优势？我想做一个详细的了解和对比，看看哪个更适合我的需求","账户服务","开户注销","企业开户","中等文本","中等","medium","企业开户, 开户",0.85
406,"我对预约转账很感兴趣，请问能介绍一下吗？我想知道相关的具体要求和办理流程","交易服务","转账汇款","预约转账","中等文本","简单","medium","预约转账, 转账, 办理, 流程",0.94
407,"请问对账单怎么操作","交易服务","交易查询","对账单","短文本","简单","short","对账单",0.86
408,"请问抵押贷怎么操作","信贷服务","个人贷款","抵押贷","短文本","简单","short","抵押贷",0.86
409,"请问信用贷怎么操作","信贷服务","个人贷款","信用贷","短文本","简单","short","信用贷",0.87
410,"我想了解交易权限的相关信息","账户服务","权限设置","交易权限","短文本","简单","short","交易权限",0.95
411,"请问产品公告怎么操作","风险合规","信息披露","产品公告","短文本","简单","short","产品公告",0.86
412,"我想了解经营贷的相关信息","信贷服务","个人贷款","经营贷","短文本","简单","short","经营贷",0.98
413,"我对历史收益查询很感兴趣，请问能介绍一下吗？我想知道相关的具体要求和办理流程","产品咨询","收益计算","历史收益查询","中等文本","中等","medium","历史收益查询, 收益, 查询, 办理, 流程",0.85
414,"我对委托授权很感兴趣，请问能介绍一下吗？我想知道相关的具体要求和办理流程","账户服务","权限设置","委托授权","中等文本","简单","medium","委托授权, 办理, 流程",0.98
415,"意外险需要什么条件","投资理财","保险规划","意外险","短文本","简单","short","意外险, 条件",0.94
416,"代扣设置的具体流程是什么","交易服务","代扣代缴","代扣设置","短文本","简单","short","代扣设置, 流程",0.97
417,"我对承受能力很感兴趣，请问能介绍一下吗？我想知道相关的具体要求和办理流程","风险合规","风险评估","承受能力","中等文本","中等","medium","承受能力, 办理, 流程",0.87
418,"请问预约转账和其他类似服务相比有什么优势？我想做一个详细的了解和对比，看看哪个更适合我的需求","交易服务","转账汇款","预约转账","中等文本","简单","medium","预约转账, 转账",0.97
419,"我对手续费很感兴趣，请问能介绍一下吗？我想知道相关的具体要求和办理流程","产品咨询","费用说明","手续费","中等文本","简单","medium","手续费, 办理, 流程",0.93
420,"请问抵押贷怎么操作","信贷服务","个人贷款","抵押贷","短文本","简单","short","抵押贷",0.85
421,"我想了解企业开户的相关信息","账户服务","开户注销","企业开户","短文本","简单","short","企业开户, 开户",0.90
422,"债券基金的久期是什么意思？对我选择债券基金有什么影响？请问在利率上行和下行环境下应该怎么选择久期","投资理财","基金投资","债券基金","中等文本","简单","medium","债券基金, 利率, 基金",0.94
423,"我想了解持仓分析的相关信息","投资理财","股票投资","持仓分析","短文本","简单","short","持仓分析",0.99
424,"流动资金贷款需要什么条件","信贷服务","企业贷款","流动资金贷款","短文本","简单","short","流动资金贷款, 贷款, 条件",0.95
425,"A股交易的具体流程是什么","投资理财","股票投资","A股交易","短文本","简单","short","A股交易, 流程",0.89
426,"请问经营贷怎么操作","信贷服务","个人贷款","经营贷","短文本","简单","short","经营贷",0.94
427,"我想了解贷款计算的相关信息","信贷服务","个人贷款","贷款计算","短文本","简单","short","贷款计算, 贷款",0.97
428,"请问实名认证和其他类似服务相比有什么优势？我想做一个详细的了解和对比，看看哪个更适合我的需求","账户服务","安全验证","实名认证","中等文本","中等","medium","实名认证",0.81
429,"产品说明书的具体流程是什么","风险合规","信息披露","产品说明书","短文本","简单","short","产品说明书, 流程",0.92
430,"休眠账户激活需要什么条件","账户服务","开户注销","休眠账户激活","短文本","简单","short","休眠账户激活, 条件",0.89
431,"请问保险理赔和其他类似服务相比有什么优势？我想做一个详细的了解和对比，看看哪个更适合我的需求","投资理财","保险规划","保险理赔","中等文本","中等","medium","保险理赔, 保险",0.83
432,"行内转账限额是多少","交易服务","转账汇款","行内转账","短文本","简单","short","行内转账, 转账",0.99
433,"我想了解信息披露查询的相关信息","风险合规","信息披露","信息披露查询","短文本","简单","short","信息披露查询, 查询",0.83
434,"请问持仓分析和其他类似服务相比有什么优势？我想做一个详细的了解和对比，看看哪个更适合我的需求","投资理财","股票投资","持仓分析","中等文本","中等","medium","持仓分析",0.89
435,"我对预约转账很感兴趣，请问能介绍一下吗？我想知道相关的具体要求和办理流程","交易服务","转账汇款","预约转账","中等文本","简单","medium","预约转账, 转账, 办理, 流程",0.84
436,"请问交易权限和其他类似服务相比有什么优势？我想做一个详细的了解和对比，看看哪个更适合我的需求","账户服务","权限设置","交易权限","中等文本","中等","medium","交易权限",0.96
437,"我想了解交易明细的相关信息","交易服务","交易查询","交易明细","短文本","简单","short","交易明细",0.91
438,"交易明细的具体流程是什么","交易服务","交易查询","交易明细","短文本","简单","short","交易明细, 流程",1.00
439,"信用卡怎么激活","信贷服务","信用卡服务","信用卡激活","短文本","简单","short","信用卡激活, 信用卡",0.98
440,"请问货币基金和其他类似服务相比有什么优势？我想做一个详细的了解和对比，看看哪个更适合我的需求","投资理财","基金投资","货币基金","中等文本","简单","medium","货币基金, 基金",0.89
441,"我想了解交易记录的相关信息","交易服务","交易查询","交易记录","短文本","简单","short","交易记录",0.85
442,"请问电子回单怎么操作","交易服务","交易查询","电子回单","短文本","简单","short","电子回单",0.88
443,"请问基金赎回怎么操作","投资理财","基金投资","基金赎回","短文本","简单","short","基金赎回, 基金",0.85
444,"请问额度调整怎么操作","信贷服务","额度管理","额度调整","短文本","简单","short","额度调整, 额度",0.87
445,"跨行转账限额是多少","交易服务","转账汇款","跨行转账","短文本","简单","short","跨行转账, 转账",0.95
446,"净值型理财需要什么条件","投资理财","理财产品","净值型理财","短文本","简单","short","净值型理财, 理财, 条件",0.92
447,"请问A股交易和其他类似服务相比有什么优势？我想做一个详细的了解和对比，看看哪个更适合我的需求","投资理财","股票投资","A股交易","中等文本","简单","medium","A股交易",0.85
448,"请问贷款审批怎么操作","信贷服务","企业贷款","贷款审批","短文本","简单","short","贷款审批, 贷款",0.99
449,"我对经营贷很感兴趣，请问能介绍一下吗？我想知道相关的具体要求和办理流程","信贷服务","个人贷款","经营贷","中等文本","简单","medium","经营贷, 办理, 流程",0.81
450,"我对交通罚款很感兴趣，请问能介绍一下吗？我想知道相关的具体要求和办理流程","交易服务","支付缴费","交通罚款","中等文本","简单","medium","交通罚款, 办理, 流程",0.95
451,"意外险需要什么条件","投资理财","保险规划","意外险","短文本","简单","short","意外险, 条件",0.86
452,"请问交通罚款怎么操作","交易服务","支付缴费","交通罚款","短文本","简单","short","交通罚款",0.85
453,"服务费需要什么条件","产品咨询","费用说明","服务费","短文本","简单","short","服务费, 条件",0.97
454,"请问风险等级怎么操作","风险合规","风险评估","风险等级","短文本","简单","short","风险等级, 风险",0.94
455,"保险理赔需要什么条件","投资理财","保险规划","保险理赔","短文本","简单","short","保险理赔, 保险, 条件",0.94
456,"怎么提升信用卡额度","信贷服务","信用卡服务","额度提升","短文本","简单","short","额度提升, 额度, 信用卡",0.82
457,"请问财产保险和其他类似服务相比有什么优势？我想做一个详细的了解和对比，看看哪个更适合我的需求","投资理财","保险规划","财产保险","中等文本","中等","medium","财产保险, 保险",0.97
458,"请问产品说明书和其他类似服务相比有什么优势？我想做一个详细的了解和对比，看看哪个更适合我的需求","风险合规","信息披露","产品说明书","中等文本","中等","medium","产品说明书",0.90
459,"历史收益查询的具体流程是什么","产品咨询","收益计算","历史收益查询","短文本","简单","short","历史收益查询, 收益, 查询, 流程",0.86
460,"请问银行理财怎么操作","投资理财","理财产品","银行理财","短文本","简单","short","银行理财, 理财",0.94
461,"持仓分析的具体流程是什么","投资理财","股票投资","持仓分析","短文本","简单","short","持仓分析, 流程",0.87
462,"产品说明书需要什么条件","风险合规","信息披露","产品说明书","短文本","简单","short","产品说明书, 条件",0.93
463,"请问港股通怎么操作","投资理财","股票投资","港股通","短文本","简单","short","港股通",0.96
464,"我对贸易融资很感兴趣，请问能介绍一下吗？我想知道相关的具体要求和办理流程","信贷服务","企业贷款","贸易融资","中等文本","简单","medium","贸易融资, 办理, 流程",0.87
465,"我对服务费很感兴趣，请问能介绍一下吗？我想知道相关的具体要求和办理流程","产品咨询","费用说明","服务费","中等文本","中等","medium","服务费, 办理, 流程",0.99
466,"我想了解固定资产贷款的相关信息","信贷服务","企业贷款","固定资产贷款","短文本","简单","short","固定资产贷款, 贷款",0.95
467,"请问经营贷怎么操作","信贷服务","个人贷款","经营贷","短文本","简单","short","经营贷",0.92
468,"我对权限冻结很感兴趣，请问能介绍一下吗？我想知道相关的具体要求和办理流程","账户服务","权限设置","权限冻结","中等文本","简单","medium","权限冻结, 办理, 流程",0.94
469,"我想了解实时转账的相关信息","交易服务","转账汇款","实时转账","短文本","简单","short","实时转账, 转账",0.99
470,"稳健型产品需要什么条件","产品咨询","产品推荐","稳健型产品","短文本","简单","short","稳健型产品, 条件",0.97
471,"请问结构性存款和其他类似服务相比有什么优势？我想做一个详细的了解和对比，看看哪个更适合我的需求","投资理财","理财产品","结构性存款","中等文本","中等","medium","结构性存款, 存款",0.87
472,"实际收益需要什么条件","产品咨询","收益计算","实际收益","短文本","简单","short","实际收益, 收益, 条件",0.93
473,"低风险产品需要什么条件","产品咨询","产品推荐","低风险产品","短文本","简单","short","低风险产品, 风险, 条件",0.94
474,"我对费用对比很感兴趣，请问能介绍一下吗？我想知道相关的具体要求和办理流程","产品咨询","产品对比","费用对比","中等文本","简单","medium","费用对比, 办理, 流程",0.90
475,"请问交易明细和其他类似服务相比有什么优势？我想做一个详细的了解和对比，看看哪个更适合我的需求","交易服务","交易查询","交易明细","中等文本","中等","medium","交易明细",0.87
476,"我想了解管理费的相关信息","产品咨询","费用说明","管理费","短文本","简单","short","管理费",0.97
477,"请问交易明细怎么操作","交易服务","交易查询","交易明细","短文本","简单","short","交易明细",0.95
478,"企业开户需要什么条件","账户服务","开户注销","企业开户","短文本","简单","short","企业开户, 开户, 条件",0.90
479,"请问预期收益型和其他类似服务相比有什么优势？我想做一个详细的了解和对比，看看哪个更适合我的需求","投资理财","理财产品","预期收益型","中等文本","简单","medium","预期收益型, 收益",0.86
480,"我想了解短信验证的相关信息","账户服务","安全验证","短信验证","短文本","简单","short","短信验证",0.81
481,"我想了解账单分期的相关信息","信贷服务","信用卡服务","账单分期","短文本","简单","short","账单分期",0.98
482,"请问流动资金贷款怎么操作","信贷服务","企业贷款","流动资金贷款","短文本","简单","short","流动资金贷款, 贷款",0.96
483,"请问密码重置和其他类似服务相比有什么优势？我想做一个详细的了解和对比，看看哪个更适合我的需求","账户服务","密码管理","密码重置","中等文本","中等","medium","密码重置, 密码",0.97
484,"我想了解股票查询的相关信息","投资理财","股票投资","股票查询","短文本","简单","short","股票查询, 股票, 查询",0.97
485,"请问额度调整怎么操作","信贷服务","额度管理","额度调整","短文本","简单","short","额度调整, 额度",0.98
486,"请问代扣取消和其他类似服务相比有什么优势？我想做一个详细的了解和对比，看看哪个更适合我的需求","交易服务","代扣代缴","代扣取消","中等文本","简单","medium","代扣取消",0.98
487,"纯债基金和混合债基的区别","投资理财","基金投资","债券基金","短文本","简单","short","债券基金, 基金",0.82
488,"请问银行理财和其他类似服务相比有什么优势？我想做一个详细的了解和对比，看看哪个更适合我的需求","投资理财","理财产品","银行理财","中等文本","简单","medium","银行理财, 理财",0.96
489,"请问基金赎回怎么操作","投资理财","基金投资","基金赎回","短文本","简单","short","基金赎回, 基金",0.86
490,"公积金贷款和商贷的区别","信贷服务","个人贷款","房贷","短文本","简单","short","房贷, 贷款",0.89
491,"请问短信验证和其他类似服务相比有什么优势？我想做一个详细的了解和对比，看看哪个更适合我的需求","账户服务","安全验证","短信验证","中等文本","中等","medium","短信验证",0.87
492,"请问预期收益型怎么操作","投资理财","理财产品","预期收益型","短文本","简单","short","预期收益型, 收益",0.99
493,"赎回费的具体流程是什么","产品咨询","费用说明","赎回费","短文本","简单","short","赎回费, 流程",0.86
494,"请问额度查询怎么操作","信贷服务","额度管理","额度查询","短文本","简单","short","额度查询, 额度, 查询",0.90
495,"我对风险等级对比很感兴趣，请问能介绍一下吗？我想知道相关的具体要求和办理流程","产品咨询","产品对比","风险等级对比","中等文本","简单","medium","风险等级对比, 风险, 办理, 流程",0.86
496,"请问账户注销怎么操作","账户服务","开户注销","账户注销","短文本","简单","short","账户注销",0.90
497,"我想了解承受能力的相关信息","风险合规","风险评估","承受能力","短文本","简单","short","承受能力",0.80
498,"开放式基金的申购流程是什么","投资理财","基金投资","开放式基金","短文本","简单","short","开放式基金, 基金, 流程",0.96
499,"请问股票查询怎么操作","投资理财","股票投资","股票查询","短文本","简单","short","股票查询, 股票, 查询",0.98
500,"请问历史收益查询和其他类似服务相比有什么优势？我想做一个详细的了解和对比，看看哪个更适合我的需求","产品咨询","收益计算","历史收益查询","中等文本","简单","medium","历史收益查询, 收益, 查询",0.98
501,"债券基金风险大吗","投资理财","基金投资","债券基金","短文本","简单","short","债券基金, 风险, 基金",0.84
502,"我想了解贸易融资的相关信息","信贷服务","企业贷款","贸易融资","短文本","简单","short","贸易融资",0.94
503,"请问手续费怎么操作","产品咨询","费用说明","手续费","短文本","简单","short","手续费",0.85
504,"请问能不能设置自动扣款缴费？每月自动从我的账户里扣水电费，怎么开通这个功能","交易服务","支付缴费","水电煤缴费","中等文本","中等","medium","水电煤缴费, 缴费",0.91
505,"请问支付密码和其他类似服务相比有什么优势？我想做一个详细的了解和对比，看看哪个更适合我的需求","账户服务","密码管理","支付密码","中等文本","简单","medium","支付密码, 密码",0.84
506,"我想了解持仓分析的相关信息","投资理财","股票投资","持仓分析","短文本","简单","short","持仓分析",0.82
507,"请问贷款审批怎么操作","信贷服务","企业贷款","贷款审批","短文本","简单","short","贷款审批, 贷款",0.84
508,"请问大额存单怎么操作","投资理财","理财产品","大额存单","短文本","简单","short","大额存单",0.91
509,"进取型产品的具体流程是什么","产品咨询","产品推荐","进取型产品","短文本","简单","short","进取型产品, 流程",0.98
510,"我想了解抵押贷的相关信息","信贷服务","个人贷款","抵押贷","短文本","简单","short","抵押贷",0.97
511,"债券基金风险大吗","投资理财","基金投资","债券基金","短文本","简单","short","债券基金, 风险, 基金",0.84
512,"我想了解账单分期的相关信息","信贷服务","信用卡服务","账单分期","短文本","简单","short","账单分期",0.97
513,"新股申购的具体流程是什么","投资理财","股票投资","新股申购","短文本","简单","short","新股申购, 流程",0.90
514,"请问代扣取消怎么操作","交易服务","代扣代缴","代扣取消","短文本","简单","short","代扣取消",0.82
515,"请问贸易融资怎么操作","信贷服务","企业贷款","贸易融资","短文本","简单","short","贸易融资",0.93
516,"我对进取型产品很感兴趣，请问能介绍一下吗？我想知道相关的具体要求和办理流程","产品咨询","产品推荐","进取型产品","中等文本","简单","medium","进取型产品, 办理, 流程",0.96
517,"密码输错多次被锁定了","账户服务","密码管理","登录密码","短文本","简单","short","登录密码, 密码",0.87
518,"话费充值到账时间是多久？刚充了话费还没到账，请问要等多久","交易服务","支付缴费","手机充值","短文本","简单","short","手机充值",0.82
519,"我有一笔10万的大额转账，为什么会要求我提供资金来源和用途证明","风险合规","合规咨询","反洗钱","中等文本","简单","medium","反洗钱, 转账",0.97
520,"承受能力的具体流程是什么","风险合规","风险评估","承受能力","短文本","简单","short","承受能力, 流程",0.99
521,"我对跨境汇款很感兴趣，请问能介绍一下吗？我想知道相关的具体要求和办理流程","交易服务","转账汇款","跨境汇款","中等文本","简单","medium","跨境汇款, 办理, 流程",0.86
522,"请问收益率对比怎么操作","产品咨询","产品对比","收益率对比","短文本","简单","short","收益率对比, 收益",0.87
523,"我的信用卡寄丢了，请问怎么补办？原信用卡还能继续使用吗？补卡需要多久时间","信贷服务","信用卡服务","信用卡激活","中等文本","简单","medium","信用卡激活, 信用卡",0.92
524,"我想了解抵押贷的相关信息","信贷服务","个人贷款","抵押贷","短文本","简单","short","抵押贷",0.92
525,"保险理赔需要什么条件","投资理财","保险规划","保险理赔","短文本","简单","short","保险理赔, 保险, 条件",0.92
526,"银行理财的具体流程是什么","投资理财","理财产品","银行理财","短文本","简单","short","银行理财, 理财, 流程",0.85
527,"请问额度查询怎么操作","信贷服务","额度管理","额度查询","短文本","简单","short","额度查询, 额度, 查询",0.99
528,"我想了解稳健型产品的相关信息","产品咨询","产品推荐","稳健型产品","短文本","简单","short","稳健型产品",0.83
529,"我想了解货币基金的相关信息","投资理财","基金投资","货币基金","短文本","简单","short","货币基金, 基金",0.89
530,"我想了解交通罚款的相关信息","交易服务","支付缴费","交通罚款","短文本","简单","short","交通罚款",0.85
531,"我对信用贷很感兴趣，请问能介绍一下吗？我想知道相关的具体要求和办理流程","信贷服务","个人贷款","信用贷","中等文本","简单","medium","信用贷, 办理, 流程",0.96
532,"预约转账的具体流程是什么","交易服务","转账汇款","预约转账","短文本","简单","short","预约转账, 转账, 流程",0.85
533,"请问账单分期怎么操作","信贷服务","信用卡服务","账单分期","短文本","简单","short","账单分期",0.91
534,"请问复利计算怎么操作","产品咨询","收益计算","复利计算","短文本","简单","short","复利计算",0.84
535,"收益率对比的具体流程是什么","产品咨询","产品对比","收益率对比","短文本","简单","short","收益率对比, 收益, 流程",0.87
536,"新股申购的具体流程是什么","投资理财","股票投资","新股申购","短文本","简单","short","新股申购, 流程",0.85
537,"我的信用卡寄丢了，请问怎么补办？原信用卡还能继续使用吗？补卡需要多久时间","信贷服务","信用卡服务","信用卡激活","中等文本","中等","medium","信用卡激活, 信用卡",0.81
538,"我对股票查询很感兴趣，请问能介绍一下吗？我想知道相关的具体要求和办理流程","投资理财","股票投资","股票查询","中等文本","简单","medium","股票查询, 股票, 查询, 办理, 流程",0.91
539,"请问车险怎么操作","投资理财","保险规划","车险","短文本","简单","short","车险",0.98
540,"请问贷款计算和其他类似服务相比有什么优势？我想做一个详细的了解和对比，看看哪个更适合我的需求","信贷服务","个人贷款","贷款计算","中等文本","中等","medium","贷款计算, 贷款",0.93
541,"贷款审批的具体流程是什么","信贷服务","企业贷款","贷款审批","短文本","简单","short","贷款审批, 贷款, 流程",0.96
542,"我对企业开户很感兴趣，请问能介绍一下吗？我想知道相关的具体要求和办理流程","账户服务","开户注销","企业开户","中等文本","简单","medium","企业开户, 开户, 办理, 流程",1.00
543,"我对自动缴费很感兴趣，请问能介绍一下吗？我想知道相关的具体要求和办理流程","交易服务","代扣代缴","自动缴费","中等文本","中等","medium","自动缴费, 缴费, 办理, 流程",1.00
544,"我想了解资产配置建议的相关信息","投资理财","资产配置","资产配置建议","短文本","简单","short","资产配置建议",0.94
545,"请问办卡申请怎么操作","信贷服务","信用卡服务","办卡申请","短文本","简单","short","办卡申请, 申请",0.83
546,"请问车险怎么操作","投资理财","保险规划","车险","短文本","简单","short","车险",0.82
547,"我对贷款计算很感兴趣，请问能介绍一下吗？我想知道相关的具体要求和办理流程","信贷服务","个人贷款","贷款计算","中等文本","中等","medium","贷款计算, 贷款, 办理, 流程",0.91
548,"代扣查询的具体流程是什么","交易服务","代扣代缴","代扣查询","短文本","简单","short","代扣查询, 查询, 流程",0.85
549,"开放式基金的申购流程是什么","投资理财","基金投资","开放式基金","短文本","简单","short","开放式基金, 基金, 流程",0.95
550,"我有10万块钱想买债券基金，请问国债基金和信用债基金哪个更安全？收益大概有多少？","投资理财","基金投资","债券基金","中等文本","中等","medium","债券基金, 收益, 基金",0.97
551,"风险等级对比的具体流程是什么","产品咨询","产品对比","风险等级对比","短文本","简单","short","风险等级对比, 风险, 流程",0.83
552,"跨行转账手续费怎么收","交易服务","转账汇款","跨行转账","短文本","简单","short","跨行转账, 转账, 手续费",0.96
553,"请问收益率对比怎么操作","产品咨询","产品对比","收益率对比","短文本","简单","short","收益率对比, 收益",0.99
554,"我对对账单很感兴趣，请问能介绍一下吗？我想知道相关的具体要求和办理流程","交易服务","交易查询","对账单","中等文本","中等","medium","对账单, 办理, 流程",0.92
555,"请问对账单和其他类似服务相比有什么优势？我想做一个详细的了解和对比，看看哪个更适合我的需求","交易服务","交易查询","对账单","中等文本","中等","medium","对账单",0.89
556,"请问信息披露查询和其他类似服务相比有什么优势？我想做一个详细的了解和对比，看看哪个更适合我的需求","风险合规","信息披露","信息披露查询","中等文本","中等","medium","信息披露查询, 查询",0.96
557,"复利计算需要什么条件","产品咨询","收益计算","复利计算","短文本","简单","short","复利计算, 条件",0.87
558,"收益率对比需要什么条件","产品咨询","产品对比","收益率对比","短文本","简单","short","收益率对比, 收益, 条件",0.84
559,"历史收益查询的具体流程是什么","产品咨询","收益计算","历史收益查询","短文本","简单","short","历史收益查询, 收益, 查询, 流程",0.84
560,"我想买一套房子，贷款200万，30年还清，请问等额本息和等额本金哪种还款方式更划算？","信贷服务","个人贷款","房贷","中等文本","中等","medium","房贷, 贷款",0.89
561,"指数基金推荐","投资理财","基金投资","指数基金","短文本","简单","short","指数基金, 基金",0.83
562,"我对低风险产品很感兴趣，请问能介绍一下吗？我想知道相关的具体要求和办理流程","产品咨询","产品推荐","低风险产品","中等文本","中等","medium","低风险产品, 风险, 办理, 流程",0.81
563,"请问低风险产品和其他类似服务相比有什么优势？我想做一个详细的了解和对比，看看哪个更适合我的需求","产品咨询","产品推荐","低风险产品","中等文本","简单","medium","低风险产品, 风险",0.93
564,"请问实际收益和其他类似服务相比有什么优势？我想做一个详细的了解和对比，看看哪个更适合我的需求","产品咨询","收益计算","实际收益","中等文本","中等","medium","实际收益, 收益",0.89
565,"我对银行理财很感兴趣，请问能介绍一下吗？我想知道相关的具体要求和办理流程","投资理财","理财产品","银行理财","中等文本","中等","medium","银行理财, 理财, 办理, 流程",0.91
566,"贸易融资的具体流程是什么","信贷服务","企业贷款","贸易融资","短文本","简单","short","贸易融资, 流程",0.90
567,"请问交易权限怎么操作","账户服务","权限设置","交易权限","短文本","简单","short","交易权限",0.99
568,"请问休眠账户激活怎么操作","账户服务","开户注销","休眠账户激活","短文本","简单","short","休眠账户激活",0.93
569,"请问转账限额怎么操作","账户服务","权限设置","转账限额","短文本","简单","short","转账限额, 转账",0.96
570,"请问盾卡管理怎么操作","账户服务","安全验证","盾卡管理","短文本","简单","short","盾卡管理",0.86
571,"我想了解风险测评的相关信息","风险合规","风险评估","风险测评","短文本","简单","short","风险测评, 风险",0.92
572,"怎么设置自动缴费","交易服务","支付缴费","水电煤缴费","短文本","简单","short","水电煤缴费, 缴费",0.88
573,"请问健康保险和其他类似服务相比有什么优势？我想做一个详细的了解和对比，看看哪个更适合我的需求","投资理财","保险规划","健康保险","中等文本","简单","medium","健康保险, 保险",0.85
574,"低风险产品需要什么条件","产品咨询","产品推荐","低风险产品","短文本","简单","short","低风险产品, 风险, 条件",0.98
575,"我对收益率对比很感兴趣，请问能介绍一下吗？我想知道相关的具体要求和办理流程","产品咨询","产品对比","收益率对比","中等文本","中等","medium","收益率对比, 收益, 办理, 流程",0.82
576,"我对代扣取消很感兴趣，请问能介绍一下吗？我想知道相关的具体要求和办理流程","交易服务","代扣代缴","代扣取消","中等文本","简单","medium","代扣取消, 办理, 流程",0.91
577,"行内转账要手续费吗","交易服务","转账汇款","行内转账","短文本","简单","short","行内转账, 转账, 手续费",0.88
578,"我想了解身份识别的相关信息","风险合规","合规咨询","身份识别","短文本","简单","short","身份识别",0.93
579,"热门产品的具体流程是什么","产品咨询","产品推荐","热门产品","短文本","简单","short","热门产品, 流程",0.84
580,"投资组合的具体流程是什么","投资理财","资产配置","投资组合","短文本","简单","short","投资组合, 流程",0.91
581,"请问代扣取消怎么操作","交易服务","代扣代缴","代扣取消","短文本","简单","short","代扣取消",0.90
582,"请问港股通和其他类似服务相比有什么优势？我想做一个详细的了解和对比，看看哪个更适合我的需求","投资理财","股票投资","港股通","中等文本","中等","medium","港股通",0.87
583,"交易权限需要什么条件","账户服务","权限设置","交易权限","短文本","简单","short","交易权限, 条件",0.92
584,"请问大额存单怎么操作","投资理财","理财产品","大额存单","短文本","简单","short","大额存单",0.84
585,"净值型理财需要什么条件","投资理财","理财产品","净值型理财","短文本","简单","short","净值型理财, 理财, 条件",0.91
586,"我对短信验证很感兴趣，请问能介绍一下吗？我想知道相关的具体要求和办理流程","账户服务","安全验证","短信验证","中等文本","中等","medium","短信验证, 办理, 流程",0.82
587,"请问实时转账怎么操作","交易服务","转账汇款","实时转账","短文本","简单","short","实时转账, 转账",0.97
588,"代扣设置的具体流程是什么","交易服务","代扣代缴","代扣设置","短文本","简单","short","代扣设置, 流程",1.00
589,"我对抵押贷很感兴趣，请问能介绍一下吗？我想知道相关的具体要求和办理流程","信贷服务","个人贷款","抵押贷","中等文本","简单","medium","抵押贷, 办理, 流程",0.87
590,"怎么提升信用卡额度","信贷服务","信用卡服务","额度提升","短文本","简单","short","额度提升, 额度, 信用卡",0.96
591,"手机话费怎么充值","交易服务","支付缴费","手机充值","短文本","简单","short","手机充值",0.83
592,"固定资产贷款需要什么条件","信贷服务","企业贷款","固定资产贷款","短文本","简单","short","固定资产贷款, 贷款, 条件",0.95
593,"合规要求需要什么条件","风险合规","合规咨询","合规要求","短文本","简单","short","合规要求, 条件",0.93
594,"我对产品说明书很感兴趣，请问能介绍一下吗？我想知道相关的具体要求和办理流程","风险合规","信息披露","产品说明书","中等文本","简单","medium","产品说明书, 办理, 流程",0.94
595,"交通罚款的具体流程是什么","交易服务","支付缴费","交通罚款","短文本","简单","short","交通罚款, 流程",0.88
596,"风险测评需要什么条件","风险合规","风险评估","风险测评","短文本","简单","short","风险测评, 风险, 条件",0.87
597,"交通罚款的具体流程是什么","交易服务","支付缴费","交通罚款","短文本","简单","short","交通罚款, 流程",0.98
598,"我对产品优缺点很感兴趣，请问能介绍一下吗？我想知道相关的具体要求和办理流程","产品咨询","产品对比","产品优缺点","中等文本","简单","medium","产品优缺点, 办理, 流程",0.88
599,"请问转账限额怎么操作","账户服务","权限设置","转账限额","短文本","简单","short","转账限额, 转账",0.97
600,"请问产品优缺点怎么操作","产品咨询","产品对比","产品优缺点","短文本","简单","short","产品优缺点",0.86
601,"我想申购开放式基金","投资理财","基金投资","开放式基金","短文本","简单","short","开放式基金, 基金",0.82
602,"请问进取型产品怎么操作","产品咨询","产品推荐","进取型产品","短文本","简单","short","进取型产品",0.87
603,"基金定投怎么设置","投资理财","基金投资","基金定投","短文本","简单","short","基金定投, 基金",0.88
604,"请问企业开户怎么操作","账户服务","开户注销","企业开户","短文本","简单","short","企业开户, 开户",0.98
605,"请问财产保险怎么操作","投资理财","保险规划","财产保险","短文本","简单","short","财产保险, 保险",0.96
606,"请问持仓分析怎么操作","投资理财","股票投资","持仓分析","短文本","简单","short","持仓分析",0.83
607,"我对财产保险很感兴趣，请问能介绍一下吗？我想知道相关的具体要求和办理流程","投资理财","保险规划","财产保险","中等文本","中等","medium","财产保险, 保险, 办理, 流程",0.91
608,"请问产品公告和其他类似服务相比有什么优势？我想做一个详细的了解和对比，看看哪个更适合我的需求","风险合规","信息披露","产品公告","中等文本","简单","medium","产品公告",0.80
609,"请问授信管理怎么操作","信贷服务","额度管理","授信管理","短文本","简单","short","授信管理",0.97
610,"请问产品优缺点和其他类似服务相比有什么优势？我想做一个详细的了解和对比，看看哪个更适合我的需求","产品咨询","产品对比","产品优缺点","中等文本","中等","medium","产品优缺点",0.99
611,"请问复利计算和其他类似服务相比有什么优势？我想做一个详细的了解和对比，看看哪个更适合我的需求","产品咨询","收益计算","复利计算","中等文本","中等","medium","复利计算",0.99
612,"我刚收到你们银行寄来的信用卡，请问怎么激活？可以通过手机银行APP操作吗？","信贷服务","信用卡服务","信用卡激活","中等文本","简单","medium","信用卡激活, 信用卡",0.88
613,"请问A股交易怎么操作","投资理财","股票投资","A股交易","短文本","简单","short","A股交易",0.81
614,"行内转账要手续费吗","交易服务","转账汇款","行内转账","短文本","简单","short","行内转账, 转账, 手续费",0.85
615,"我想了解新股申购的相关信息","投资理财","股票投资","新股申购","短文本","简单","short","新股申购",0.95
616,"请问电子回单和其他类似服务相比有什么优势？我想做一个详细的了解和对比，看看哪个更适合我的需求","交易服务","交易查询","电子回单","中等文本","简单","medium","电子回单",0.84
617,"我想了解复利计算的相关信息","产品咨询","收益计算","复利计算","短文本","简单","short","复利计算",0.89
618,"办卡申请的具体流程是什么","信贷服务","信用卡服务","办卡申请","短文本","简单","short","办卡申请, 申请, 流程",0.96
619,"请问基金转换和其他类似服务相比有什么优势？我想做一个详细的了解和对比，看看哪个更适合我的需求","投资理财","基金投资","基金转换","中等文本","中等","medium","基金转换, 基金",0.84
620,"怎么修改登录密码","账户服务","密码管理","登录密码","短文本","简单","short","登录密码, 密码",0.86
621,"我对货币基金很感兴趣，请问能介绍一下吗？我想知道相关的具体要求和办理流程","投资理财","基金投资","货币基金","中等文本","中等","medium","货币基金, 基金, 办理, 流程",0.95
622,"请问合规要求怎么操作","风险合规","合规咨询","合规要求","短文本","简单","short","合规要求",0.84
623,"风险提示的具体流程是什么","风险合规","风险评估","风险提示","短文本","简单","short","风险提示, 风险, 流程",0.97
624,"密码输错多次被锁定了","账户服务","密码管理","登录密码","短文本","简单","short","登录密码, 密码",0.83
625,"请问热门产品怎么操作","产品咨询","产品推荐","热门产品","短文本","简单","short","热门产品",0.86
626,"委托授权需要什么条件","账户服务","权限设置","委托授权","短文本","简单","short","委托授权, 条件",0.95
627,"我对密码重置很感兴趣，请问能介绍一下吗？我想知道相关的具体要求和办理流程","账户服务","密码管理","密码重置","中等文本","中等","medium","密码重置, 密码, 办理, 流程",0.83
628,"我想了解交通罚款的相关信息","交易服务","支付缴费","交通罚款","短文本","简单","short","交通罚款",0.82
629,"交易明细的具体流程是什么","交易服务","交易查询","交易明细","短文本","简单","short","交易明细, 流程",0.89
630,"我对稳健型产品很感兴趣，请问能介绍一下吗？我想知道相关的具体要求和办理流程","产品咨询","产品推荐","稳健型产品","中等文本","中等","medium","稳健型产品, 办理, 流程",0.99
631,"我对车险很感兴趣，请问能介绍一下吗？我想知道相关的具体要求和办理流程","投资理财","保险规划","车险","中等文本","简单","medium","车险, 办理, 流程",0.99
632,"行内转账多久到账","交易服务","转账汇款","行内转账","短文本","简单","short","行内转账, 转账",0.88
633,"我想了解额度调整的相关信息","信贷服务","额度管理","额度调整","短文本","简单","short","额度调整, 额度",1.00
634,"债券基金收益怎么样","投资理财","基金投资","债券基金","短文本","简单","short","债券基金, 收益, 基金",0.97
635,"财产保险需要什么条件","投资理财","保险规划","财产保险","短文本","简单","short","财产保险, 保险, 条件",0.99
636,"我给朋友转钱，他也是你们银行的，请问转账要手续费吗？即时到账吗","交易服务","转账汇款","行内转账","中等文本","简单","medium","行内转账, 转账, 手续费",0.88
637,"我对合规要求很感兴趣，请问能介绍一下吗？我想知道相关的具体要求和办理流程","风险合规","合规咨询","合规要求","中等文本","简单","medium","合规要求, 办理, 流程",0.85
638,"请问意外险和其他类似服务相比有什么优势？我想做一个详细的了解和对比，看看哪个更适合我的需求","投资理财","保险规划","意外险","中等文本","简单","medium","意外险",0.95
639,"美股交易需要什么条件","投资理财","股票投资","美股交易","短文本","简单","short","美股交易, 条件",0.94
640,"公积金贷款和商贷的区别","信贷服务","个人贷款","房贷","短文本","简单","short","房贷, 贷款",0.90
641,"请问保险理赔怎么操作","投资理财","保险规划","保险理赔","短文本","简单","short","保险理赔, 保险",0.99
642,"交易记录的具体流程是什么","交易服务","交易查询","交易记录","短文本","简单","short","交易记录, 流程",1.00
643,"请问风险等级和其他类似服务相比有什么优势？我想做一个详细的了解和对比，看看哪个更适合我的需求","风险合规","风险评估","风险等级","中等文本","简单","medium","风险等级, 风险",0.96
644,"风险评估有效期多久","投资理财","资产配置","风险评估","短文本","简单","short","风险评估, 风险",0.87
645,"我想了解人脸识别的相关信息","账户服务","安全验证","人脸识别","短文本","简单","short","人脸识别",0.85
646,"我想了解固定资产贷款的相关信息","信贷服务","企业贷款","固定资产贷款","短文本","简单","short","固定资产贷款, 贷款",0.83
647,"个人银行账户怎么开","账户服务","开户注销","个人开户","短文本","简单","short","个人开户",1.00
648,"密码重置的具体流程是什么","账户服务","密码管理","密码重置","短文本","简单","short","密码重置, 密码, 流程",0.83
649,"我想了解手续费的相关信息","产品咨询","费用说明","手续费","短文本","简单","short","手续费",0.83
650,"请问开放式基金的净值是怎么计算的？我关注的是每日净值更新时间以及计算公式，还有影响净值波动的因素有哪些","投资理财","基金投资","开放式基金","中等文本","简单","medium","开放式基金, 基金",0.85
651,"请问监管政策怎么操作","风险合规","合规咨询","监管政策","短文本","简单","short","监管政策",0.85
652,"我对资产配置建议很感兴趣，请问能介绍一下吗？我想知道相关的具体要求和办理流程","投资理财","资产配置","资产配置建议","中等文本","简单","medium","资产配置建议, 办理, 流程",0.89
653,"我想了解稳健型产品的相关信息","产品咨询","产品推荐","稳健型产品","短文本","简单","short","稳健型产品",0.86
654,"请问临时额度和其他类似服务相比有什么优势？我想做一个详细的了解和对比，看看哪个更适合我的需求","信贷服务","信用卡服务","临时额度","中等文本","中等","medium","临时额度, 额度",0.90
655,"请问密码重置和其他类似服务相比有什么优势？我想做一个详细的了解和对比，看看哪个更适合我的需求","账户服务","密码管理","密码重置","中等文本","中等","medium","密码重置, 密码",0.84
656,"我对人寿保险很感兴趣，请问能介绍一下吗？我想知道相关的具体要求和办理流程","投资理财","保险规划","人寿保险","中等文本","中等","medium","人寿保险, 保险, 办理, 流程",0.87
657,"我想了解代扣取消的相关信息","交易服务","代扣代缴","代扣取消","短文本","简单","short","代扣取消",0.82
658,"我对银行理财很感兴趣，请问能介绍一下吗？我想知道相关的具体要求和办理流程","投资理财","理财产品","银行理财","中等文本","中等","medium","银行理财, 理财, 办理, 流程",0.82
659,"我想了解服务费的相关信息","产品咨询","费用说明","服务费","短文本","简单","short","服务费",0.95
660,"大额存单的具体流程是什么","投资理财","理财产品","大额存单","短文本","简单","short","大额存单, 流程",0.92
661,"请问风险提示和其他类似服务相比有什么优势？我想做一个详细的了解和对比，看看哪个更适合我的需求","风险合规","风险评估","风险提示","中等文本","简单","medium","风险提示, 风险",0.88
662,"请问A股交易和其他类似服务相比有什么优势？我想做一个详细的了解和对比，看看哪个更适合我的需求","投资理财","股票投资","A股交易","中等文本","中等","medium","A股交易",0.86
663,"我对投资组合很感兴趣，请问能介绍一下吗？我想知道相关的具体要求和办理流程","投资理财","资产配置","投资组合","中等文本","简单","medium","投资组合, 办理, 流程",0.98
664,"转账限额需要什么条件","账户服务","权限设置","转账限额","短文本","简单","short","转账限额, 转账, 条件",0.89
665,"我想申购开放式基金","投资理财","基金投资","开放式基金","短文本","简单","short","开放式基金, 基金",0.96
666,"额度调整需要什么条件","信贷服务","额度管理","额度调整","短文本","简单","short","额度调整, 额度, 条件",0.98
667,"请问自动缴费和其他类似服务相比有什么优势？我想做一个详细的了解和对比，看看哪个更适合我的需求","交易服务","代扣代缴","自动缴费","中等文本","中等","medium","自动缴费, 缴费",0.95
668,"A股交易的具体流程是什么","投资理财","股票投资","A股交易","短文本","简单","short","A股交易, 流程",0.86
669,"请问意外险怎么操作","投资理财","保险规划","意外险","短文本","简单","short","意外险",0.95
670,"我想了解产品说明书的相关信息","风险合规","信息披露","产品说明书","短文本","简单","short","产品说明书",0.89
671,"账单分期的具体流程是什么","信贷服务","信用卡服务","账单分期","短文本","简单","short","账单分期, 流程",0.83
672,"信用卡怎么激活","信贷服务","信用卡服务","信用卡激活","短文本","简单","short","信用卡激活, 信用卡",0.97
673,"货币基金需要什么条件","投资理财","基金投资","货币基金","短文本","简单","short","货币基金, 基金, 条件",0.85
674,"消费贷利率多少","信贷服务","个人贷款","消费贷","短文本","简单","short","消费贷, 利率",0.99
675,"账户注销的具体流程是什么","账户服务","开户注销","账户注销","短文本","简单","short","账户注销, 流程",0.91
676,"请问贷款审批怎么操作","信贷服务","企业贷款","贷款审批","短文本","简单","short","贷款审批, 贷款",0.80
677,"实名认证的具体流程是什么","账户服务","安全验证","实名认证","短文本","简单","short","实名认证, 流程",0.99
678,"请问赎回费和其他类似服务相比有什么优势？我想做一个详细的了解和对比，看看哪个更适合我的需求","产品咨询","费用说明","赎回费","中等文本","简单","medium","赎回费",0.99
679,"请问信用贷怎么操作","信贷服务","个人贷款","信用贷","短文本","简单","short","信用贷",0.82
680,"我想用手机银行交家里的水电费和燃气费，请问怎么操作？需要绑定户号吗","交易服务","支付缴费","水电煤缴费","中等文本","中等","medium","水电煤缴费",0.98
681,"申请信用卡提额被拒绝了，请问是是什么原因？我要多久才能再次申请提额","信贷服务","信用卡服务","额度提升","中等文本","简单","medium","额度提升, 信用卡, 申请",0.99
682,"我对预期收益很感兴趣，请问能介绍一下吗？我想知道相关的具体要求和办理流程","产品咨询","收益计算","预期收益","中等文本","中等","medium","预期收益, 收益, 办理, 流程",0.88
683,"预期收益需要什么条件","产品咨询","收益计算","预期收益","短文本","简单","short","预期收益, 收益, 条件",0.99
684,"监管政策的具体流程是什么","风险合规","合规咨询","监管政策","短文本","简单","short","监管政策, 流程",0.82
685,"请问产品公告怎么操作","风险合规","信息披露","产品公告","短文本","简单","short","产品公告",0.97
686,"我对临时额度很感兴趣，请问能介绍一下吗？我想知道相关的具体要求和办理流程","信贷服务","信用卡服务","临时额度","中等文本","简单","medium","临时额度, 额度, 办理, 流程",0.84
687,"结构性存款需要什么条件","投资理财","理财产品","结构性存款","短文本","简单","short","结构性存款, 存款, 条件",0.84
688,"风险测评的具体流程是什么","风险合规","风险评估","风险测评","短文本","简单","short","风险测评, 风险, 流程",0.84
689,"我想了解短信验证的相关信息","账户服务","安全验证","短信验证","短文本","简单","short","短信验证",0.86
690,"我对贷款审批很感兴趣，请问能介绍一下吗？我想知道相关的具体要求和办理流程","信贷服务","企业贷款","贷款审批","中等文本","简单","medium","贷款审批, 贷款, 办理, 流程",0.91
691,"我对资产配置建议很感兴趣，请问能介绍一下吗？我想知道相关的具体要求和办理流程","投资理财","资产配置","资产配置建议","中等文本","简单","medium","资产配置建议, 办理, 流程",0.92
692,"我想了解支付密码的相关信息","账户服务","密码管理","支付密码","短文本","简单","short","支付密码, 密码",0.87
693,"我对监管政策很感兴趣，请问能介绍一下吗？我想知道相关的具体要求和办理流程","风险合规","合规咨询","监管政策","中等文本","简单","medium","监管政策, 办理, 流程",0.86
694,"我有10万块钱想买债券基金，请问国债基金和信用债基金哪个更安全？收益大概有多少？","投资理财","基金投资","债券基金","中等文本","中等","medium","债券基金, 收益, 基金",0.84
695,"请问复利计算怎么操作","产品咨询","收益计算","复利计算","短文本","简单","short","复利计算",0.89
696,"我想了解授信管理的相关信息","信贷服务","额度管理","授信管理","短文本","简单","short","授信管理",0.94
697,"请问产品说明书怎么操作","风险合规","信息披露","产品说明书","短文本","简单","short","产品说明书",0.94
698,"历史收益查询需要什么条件","产品咨询","收益计算","历史收益查询","短文本","简单","short","历史收益查询, 收益, 查询, 条件",0.87
699,"信用卡激活要收费吗","信贷服务","信用卡服务","信用卡激活","短文本","简单","short","信用卡激活, 信用卡",0.84
700,"我对权限冻结很感兴趣，请问能介绍一下吗？我想知道相关的具体要求和办理流程","账户服务","权限设置","权限冻结","中等文本","简单","medium","权限冻结, 办理, 流程",0.94
701,"转账限额的具体流程是什么","账户服务","权限设置","转账限额","短文本","简单","short","转账限额, 转账, 流程",0.86
702,"请问贷款计算和其他类似服务相比有什么优势？我想做一个详细的了解和对比，看看哪个更适合我的需求","信贷服务","个人贷款","贷款计算","中等文本","中等","medium","贷款计算, 贷款",0.97
703,"请问短信验证和其他类似服务相比有什么优势？我想做一个详细的了解和对比，看看哪个更适合我的需求","账户服务","安全验证","短信验证","中等文本","简单","medium","短信验证",0.85
704,"代扣取消需要什么条件","交易服务","代扣代缴","代扣取消","短文本","简单","short","代扣取消, 条件",0.99
705,"我对风险等级对比很感兴趣，请问能介绍一下吗？我想知道相关的具体要求和办理流程","产品咨询","产品对比","风险等级对比","中等文本","简单","medium","风险等级对比, 风险, 办理, 流程",0.97
706,"开户要带什么材料","账户服务","开户注销","个人开户","短文本","简单","short","个人开户, 开户, 材料",0.89
707,"持仓分析需要什么条件","投资理财","股票投资","持仓分析","短文本","简单","short","持仓分析, 条件",0.98
708,"风险评估不通过怎么办","投资理财","资产配置","风险评估","短文本","简单","short","风险评估, 风险",0.94
709,"我想了解基金转换的相关信息","投资理财","基金投资","基金转换","短文本","简单","short","基金转换, 基金",0.97
710,"我想了解额度查询的相关信息","信贷服务","额度管理","额度查询","短文本","简单","short","额度查询, 额度, 查询",0.94
711,"请问贷款审批和其他类似服务相比有什么优势？我想做一个详细的了解和对比，看看哪个更适合我的需求","信贷服务","企业贷款","贷款审批","中等文本","简单","medium","贷款审批, 贷款",0.89
712,"风险等级的具体流程是什么","风险合规","风险评估","风险等级","短文本","简单","short","风险等级, 风险, 流程",0.86
713,"信用卡激活期限是多久","信贷服务","信用卡服务","信用卡激活","短文本","简单","short","信用卡激活, 信用卡",0.87
714,"请问产品公告和其他类似服务相比有什么优势？我想做一个详细的了解和对比，看看哪个更适合我的需求","风险合规","信息披露","产品公告","中等文本","简单","medium","产品公告",0.84
715,"请问办卡申请怎么操作","信贷服务","信用卡服务","办卡申请","短文本","简单","short","办卡申请, 申请",0.91
716,"请问跨境汇款和其他类似服务相比有什么优势？我想做一个详细的了解和对比，看看哪个更适合我的需求","交易服务","转账汇款","跨境汇款","中等文本","简单","medium","跨境汇款",0.86
717,"我想了解盾卡管理的相关信息","账户服务","安全验证","盾卡管理","短文本","简单","short","盾卡管理",0.86
718,"我想了解权限冻结的相关信息","账户服务","权限设置","权限冻结","短文本","简单","short","权限冻结",0.93
719,"我对对账单很感兴趣，请问能介绍一下吗？我想知道相关的具体要求和办理流程","交易服务","交易查询","对账单","中等文本","中等","medium","对账单, 办理, 流程",1.00
720,"代扣取消的具体流程是什么","交易服务","代扣代缴","代扣取消","短文本","简单","short","代扣取消, 流程",0.81
721,"请问产品说明书和其他类似服务相比有什么优势？我想做一个详细的了解和对比，看看哪个更适合我的需求","风险合规","信息披露","产品说明书","中等文本","中等","medium","产品说明书",0.96
722,"请问合规要求和其他类似服务相比有什么优势？我想做一个详细的了解和对比，看看哪个更适合我的需求","风险合规","合规咨询","合规要求","中等文本","简单","medium","合规要求",0.81
723,"房贷怎么申请","信贷服务","个人贷款","房贷","短文本","简单","short","房贷, 申请",0.98
724,"请问股票查询怎么操作","投资理财","股票投资","股票查询","短文本","简单","short","股票查询, 股票, 查询",0.96
725,"手机银行可以给手机充值吗？我有两张手机卡都能充吗？","交易服务","支付缴费","手机充值","短文本","简单","short","手机充值",0.82
726,"我对固定资产贷款很感兴趣，请问能介绍一下吗？我想知道相关的具体要求和办理流程","信贷服务","企业贷款","固定资产贷款","中等文本","中等","medium","固定资产贷款, 贷款, 办理, 流程",0.88
727,"我想了解临时额度的相关信息","信贷服务","信用卡服务","临时额度","短文本","简单","short","临时额度, 额度",0.92
728,"我想了解投资组合的相关信息","投资理财","资产配置","投资组合","短文本","简单","short","投资组合",0.86
729,"我对管理费很感兴趣，请问能介绍一下吗？我想知道相关的具体要求和办理流程","产品咨询","费用说明","管理费","中等文本","中等","medium","管理费, 办理, 流程",0.95
730,"我对交易明细很感兴趣，请问能介绍一下吗？我想知道相关的具体要求和办理流程","交易服务","交易查询","交易明细","中等文本","简单","medium","交易明细, 办理, 流程",0.89
731,"费用对比的具体流程是什么","产品咨询","产品对比","费用对比","短文本","简单","short","费用对比, 流程",0.98
732,"请问贷款审批和其他类似服务相比有什么优势？我想做一个详细的了解和对比，看看哪个更适合我的需求","信贷服务","企业贷款","贷款审批","中等文本","简单","medium","贷款审批, 贷款",0.93
733,"我想了解结构性存款的相关信息","投资理财","理财产品","结构性存款","短文本","简单","short","结构性存款, 存款",0.88
734,"权限冻结的具体流程是什么","账户服务","权限设置","权限冻结","短文本","简单","short","权限冻结, 流程",0.81
735,"我对预约转账很感兴趣，请问能介绍一下吗？我想知道相关的具体要求和办理流程","交易服务","转账汇款","预约转账","中等文本","简单","medium","预约转账, 转账, 办理, 流程",0.87
736,"请问代扣查询和其他类似服务相比有什么优势？我想做一个详细的了解和对比，看看哪个更适合我的需求","交易服务","代扣代缴","代扣查询","中等文本","中等","medium","代扣查询, 查询",0.86
737,"开放式基金和封闭式基金有什么区别？我想了解一下它们的主要特点，特别是关于流动性和申购赎回机制方面的差异","投资理财","基金投资","开放式基金","中等文本","简单","medium","开放式基金, 基金",0.91
738,"企业开户的具体流程是什么","账户服务","开户注销","企业开户","短文本","简单","short","企业开户, 开户, 流程",0.83
739,"我想了解贸易融资的相关信息","信贷服务","企业贷款","贸易融资","短文本","简单","short","贸易融资",0.82
740,"车险需要什么条件","投资理财","保险规划","车险","短文本","简单","short","车险, 条件",0.81
741,"请问收益率对比和其他类似服务相比有什么优势？我想做一个详细的了解和对比，看看哪个更适合我的需求","产品咨询","产品对比","收益率对比","中等文本","简单","medium","收益率对比, 收益",0.94
742,"交通罚款需要什么条件","交易服务","支付缴费","交通罚款","短文本","简单","short","交通罚款, 条件",0.86
743,"账单分期需要什么条件","信贷服务","信用卡服务","账单分期","短文本","简单","short","账单分期, 条件",0.98
744,"怎么提升信用卡额度","信贷服务","信用卡服务","额度提升","短文本","简单","short","额度提升, 额度, 信用卡",0.94
745,"我对投资组合很感兴趣，请问能介绍一下吗？我想知道相关的具体要求和办理流程","投资理财","资产配置","投资组合","中等文本","简单","medium","投资组合, 办理, 流程",0.88
746,"我想了解热门产品的相关信息","产品咨询","产品推荐","热门产品","短文本","简单","short","热门产品",0.91
747,"股票查询需要什么条件","投资理财","股票投资","股票查询","短文本","简单","short","股票查询, 股票, 查询, 条件",0.90
748,"登录密码要求包含大小写字母和数字，请问具体是什么格式？最少要几位字符","账户服务","密码管理","登录密码","中等文本","简单","medium","登录密码, 密码",0.82
749,"请问服务费怎么操作","产品咨询","费用说明","服务费","短文本","简单","short","服务费",0.92
750,"网上银行能缴水电费吗","交易服务","支付缴费","水电煤缴费","短文本","简单","short","水电煤缴费",0.88
751,"请问税费缴纳怎么操作","交易服务","支付缴费","税费缴纳","短文本","简单","short","税费缴纳",0.94
752,"我想了解结构性存款的相关信息","投资理财","理财产品","结构性存款","短文本","简单","short","结构性存款, 存款",0.97
753,"请问实时转账怎么操作","交易服务","转账汇款","实时转账","短文本","简单","short","实时转账, 转账",0.99
754,"请问历史收益查询怎么操作","产品咨询","收益计算","历史收益查询","短文本","简单","short","历史收益查询, 收益, 查询",0.94
755,"请问实时转账怎么操作","交易服务","转账汇款","实时转账","短文本","简单","short","实时转账, 转账",0.84
756,"请问复利计算和其他类似服务相比有什么优势？我想做一个详细的了解和对比，看看哪个更适合我的需求","产品咨询","收益计算","复利计算","中等文本","简单","medium","复利计算",1.00
757,"请问代扣设置怎么操作","交易服务","代扣代缴","代扣设置","短文本","简单","short","代扣设置",0.99
758,"定投基金有什么好处","投资理财","基金投资","基金定投","短文本","简单","short","基金定投, 基金",0.98
759,"请问风险等级对比怎么操作","产品咨询","产品对比","风险等级对比","短文本","简单","short","风险等级对比, 风险",0.84
760,"短信验证需要什么条件","账户服务","安全验证","短信验证","短文本","简单","short","短信验证, 条件",0.94
761,"持仓分析的具体流程是什么","投资理财","股票投资","持仓分析","短文本","简单","short","持仓分析, 流程",1.00
762,"基金赎回的具体流程是什么","投资理财","基金投资","基金赎回","短文本","简单","short","基金赎回, 基金, 流程",0.86
763,"请问代扣取消怎么操作","交易服务","代扣代缴","代扣取消","短文本","简单","short","代扣取消",0.97
764,"请问企业开户怎么操作","账户服务","开户注销","企业开户","短文本","简单","short","企业开户, 开户",0.95
765,"水电煤缴费要手续费吗","交易服务","支付缴费","水电煤缴费","短文本","简单","short","水电煤缴费, 缴费, 手续费",0.98
766,"我想了解贷款计算的相关信息","信贷服务","个人贷款","贷款计算","短文本","简单","short","贷款计算, 贷款",0.99
767,"请问资产配置建议和其他类似服务相比有什么优势？我想做一个详细的了解和对比，看看哪个更适合我的需求","投资理财","资产配置","资产配置建议","中等文本","简单","medium","资产配置建议",0.85
768,"人脸识别的具体流程是什么","账户服务","安全验证","人脸识别","短文本","简单","short","人脸识别, 流程",0.83
769,"进取型产品的具体流程是什么","产品咨询","产品推荐","进取型产品","短文本","简单","short","进取型产品, 流程",0.97
770,"我对休眠账户激活很感兴趣，请问能介绍一下吗？我想知道相关的具体要求和办理流程","账户服务","开户注销","休眠账户激活","中等文本","简单","medium","休眠账户激活, 办理, 流程",0.92
771,"请问车险怎么操作","投资理财","保险规划","车险","短文本","简单","short","车险",0.83
772,"盾卡管理需要什么条件","账户服务","安全验证","盾卡管理","短文本","简单","short","盾卡管理, 条件",0.84
773,"我对跨境汇款很感兴趣，请问能介绍一下吗？我想知道相关的具体要求和办理流程","交易服务","转账汇款","跨境汇款","中等文本","中等","medium","跨境汇款, 办理, 流程",0.94
774,"我对企业开户很感兴趣，请问能介绍一下吗？我想知道相关的具体要求和办理流程","账户服务","开户注销","企业开户","中等文本","简单","medium","企业开户, 开户, 办理, 流程",0.85
775,"我对税费缴纳很感兴趣，请问能介绍一下吗？我想知道相关的具体要求和办理流程","交易服务","支付缴费","税费缴纳","中等文本","中等","medium","税费缴纳, 办理, 流程",0.88
776,"个人银行账户怎么开","账户服务","开户注销","个人开户","短文本","简单","short","个人开户",0.85
777,"请问热门产品和其他类似服务相比有什么优势？我想做一个详细的了解和对比，看看哪个更适合我的需求","产品咨询","产品推荐","热门产品","中等文本","简单","medium","热门产品",0.84
778,"股票查询的具体流程是什么","投资理财","股票投资","股票查询","短文本","简单","short","股票查询, 股票, 查询, 流程",0.87
779,"密码找回需要什么条件","账户服务","密码管理","密码找回","短文本","简单","short","密码找回, 密码, 条件",0.98
780,"办卡申请需要什么条件","信贷服务","信用卡服务","办卡申请","短文本","简单","short","办卡申请, 申请, 条件",0.98
781,"请问密码重置怎么操作","账户服务","密码管理","密码重置","短文本","简单","short","密码重置, 密码",0.86
782,"请问赎回费怎么操作","产品咨询","费用说明","赎回费","短文本","简单","short","赎回费",1.00
783,"请问账单分期和其他类似服务相比有什么优势？我想做一个详细的了解和对比，看看哪个更适合我的需求","信贷服务","信用卡服务","账单分期","中等文本","简单","medium","账单分期",0.86
784,"风险提示书的具体流程是什么","风险合规","信息披露","风险提示书","短文本","简单","short","风险提示书, 风险, 流程",0.82
785,"车险需要什么条件","投资理财","保险规划","车险","短文本","简单","short","车险, 条件",0.84
786,"新股申购需要什么条件","投资理财","股票投资","新股申购","短文本","简单","short","新股申购, 条件",0.86
787,"我对结构性存款很感兴趣，请问能介绍一下吗？我想知道相关的具体要求和办理流程","投资理财","理财产品","结构性存款","中等文本","简单","medium","结构性存款, 存款, 办理, 流程",0.83
788,"我想了解账户注销的相关信息","账户服务","开户注销","账户注销","短文本","简单","short","账户注销",0.97
789,"请问交通罚款怎么操作","交易服务","支付缴费","交通罚款","短文本","简单","short","交通罚款",0.93
790,"请问低风险产品怎么操作","产品咨询","产品推荐","低风险产品","短文本","简单","short","低风险产品, 风险",0.84
791,"新股申购需要什么条件","投资理财","股票投资","新股申购","短文本","简单","short","新股申购, 条件",0.97
792,"请问监管政策和其他类似服务相比有什么优势？我想做一个详细的了解和对比，看看哪个更适合我的需求","风险合规","合规咨询","监管政策","中等文本","中等","medium","监管政策",0.98
793,"我对A股交易很感兴趣，请问能介绍一下吗？我想知道相关的具体要求和办理流程","投资理财","股票投资","A股交易","中等文本","中等","medium","A股交易, 办理, 流程",0.89
794,"请问代扣查询怎么操作","交易服务","代扣代缴","代扣查询","短文本","简单","short","代扣查询, 查询",0.89
795,"请问担保方式怎么操作","信贷服务","额度管理","担保方式","短文本","简单","short","担保方式",0.85
796,"请问意外险怎么操作","投资理财","保险规划","意外险","短文本","简单","short","意外险",0.91
797,"产品优缺点的具体流程是什么","产品咨询","产品对比","产品优缺点","短文本","简单","short","产品优缺点, 流程",0.85
798,"交易记录的具体流程是什么","交易服务","交易查询","交易记录","短文本","简单","short","交易记录, 流程",0.89
799,"跨行转账限额是多少","交易服务","转账汇款","跨行转账","短文本","简单","short","跨行转账, 转账",0.93
800,"美股交易需要什么条件","投资理财","股票投资","美股交易","短文本","简单","short","美股交易, 条件",0.89
801,"我对额度查询很感兴趣，请问能介绍一下吗？我想知道相关的具体要求和办理流程","信贷服务","额度管理","额度查询","中等文本","简单","medium","额度查询, 额度, 查询, 办理, 流程",0.93
802,"登录密码有什么要求","账户服务","密码管理","登录密码","短文本","简单","short","登录密码, 密码",0.95
803,"我想投资指数基金，请问沪深300指数基金和上证50指数基金哪个更适合长期持有？","投资理财","基金投资","指数基金","中等文本","中等","medium","指数基金, 基金",0.87
804,"请问合规要求怎么操作","风险合规","合规咨询","合规要求","短文本","简单","short","合规要求",0.82
805,"请问担保方式怎么操作","信贷服务","额度管理","担保方式","短文本","简单","short","担保方式",0.95
806,"请问代扣设置和其他类似服务相比有什么优势？我想做一个详细的了解和对比，看看哪个更适合我的需求","交易服务","代扣代缴","代扣设置","中等文本","简单","medium","代扣设置",0.99
807,"我对股票查询很感兴趣，请问能介绍一下吗？我想知道相关的具体要求和办理流程","投资理财","股票投资","股票查询","中等文本","中等","medium","股票查询, 股票, 查询, 办理, 流程",0.84
808,"开户需要什么证件","账户服务","开户注销","个人开户","短文本","简单","short","个人开户, 开户",0.85
809,"请问固定资产贷款和其他类似服务相比有什么优势？我想做一个详细的了解和对比，看看哪个更适合我的需求","信贷服务","企业贷款","固定资产贷款","中等文本","中等","medium","固定资产贷款, 贷款",0.94
810,"开户要带什么材料","账户服务","开户注销","个人开户","短文本","简单","short","个人开户, 开户, 材料",0.86
811,"我想了解银行理财的相关信息","投资理财","理财产品","银行理财","短文本","简单","short","银行理财, 理财",0.97
812,"定期调整的具体流程是什么","投资理财","资产配置","定期调整","短文本","简单","short","定期调整, 流程",0.98
813,"请问预期收益型怎么操作","投资理财","理财产品","预期收益型","短文本","简单","short","预期收益型, 收益",0.92
814,"收到信用卡后要做什么","信贷服务","信用卡服务","信用卡激活","短文本","简单","short","信用卡激活, 信用卡",0.97
815,"我想了解授信管理的相关信息","信贷服务","额度管理","授信管理","短文本","简单","short","授信管理",0.80
816,"我对低风险产品很感兴趣，请问能介绍一下吗？我想知道相关的具体要求和办理流程","产品咨询","产品推荐","低风险产品","中等文本","简单","medium","低风险产品, 风险, 办理, 流程",0.87
817,"基金定投怎么设置","投资理财","基金投资","基金定投","短文本","简单","short","基金定投, 基金",0.97
818,"稳健型产品的具体流程是什么","产品咨询","产品推荐","稳健型产品","短文本","简单","short","稳健型产品, 流程",0.96
819,"请问港股通怎么操作","投资理财","股票投资","港股通","短文本","简单","short","港股通",0.86
820,"我的信用卡寄丢了，请问怎么补办？原信用卡还能继续使用吗？补卡需要多久时间","信贷服务","信用卡服务","信用卡激活","中等文本","中等","medium","信用卡激活, 信用卡",0.88
821,"预约转账需要什么条件","交易服务","转账汇款","预约转账","短文本","简单","short","预约转账, 转账, 条件",0.89
822,"流动资金贷款的具体流程是什么","信贷服务","企业贷款","流动资金贷款","短文本","简单","short","流动资金贷款, 贷款, 流程",0.88
823,"请问资产配置建议和其他类似服务相比有什么优势？我想做一个详细的了解和对比，看看哪个更适合我的需求","投资理财","资产配置","资产配置建议","中等文本","中等","medium","资产配置建议",0.92
824,"请问委托授权和其他类似服务相比有什么优势？我想做一个详细的了解和对比，看看哪个更适合我的需求","账户服务","权限设置","委托授权","中等文本","中等","medium","委托授权",0.86
825,"我要买理财产品，系统提示我要做风险评估，请问这个测评在哪里做？需要多长时间","投资理财","资产配置","风险评估","中等文本","中等","medium","风险评估, 风险, 理财",0.88
826,"额度查询需要什么条件","信贷服务","额度管理","额度查询","短文本","简单","short","额度查询, 额度, 查询, 条件",0.96
827,"定投基金什么时候止盈","投资理财","基金投资","基金定投","短文本","简单","short","基金定投, 基金",0.82
828,"管理费需要什么条件","产品咨询","费用说明","管理费","短文本","简单","short","管理费, 条件",0.85
829,"请问密码找回和其他类似服务相比有什么优势？我想做一个详细的了解和对比，看看哪个更适合我的需求","账户服务","密码管理","密码找回","中等文本","简单","medium","密码找回, 密码",0.90
830,"预期收益需要什么条件","产品咨询","收益计算","预期收益","短文本","简单","short","预期收益, 收益, 条件",0.97
831,"手续费需要什么条件","产品咨询","费用说明","手续费","短文本","简单","short","手续费, 条件",0.87
832,"我想了解账单分期的相关信息","信贷服务","信用卡服务","账单分期","短文本","简单","short","账单分期",0.95
833,"我想了解费用对比的相关信息","产品咨询","产品对比","费用对比","短文本","简单","short","费用对比",0.86
834,"请问经营贷和其他类似服务相比有什么优势？我想做一个详细的了解和对比，看看哪个更适合我的需求","信贷服务","个人贷款","经营贷","中等文本","简单","medium","经营贷",0.83
835,"服务费需要什么条件","产品咨询","费用说明","服务费","短文本","简单","short","服务费, 条件",0.88
836,"个人银行账户怎么开","账户服务","开户注销","个人开户","短文本","简单","short","个人开户",0.93
837,"请问投资组合怎么操作","投资理财","资产配置","投资组合","短文本","简单","short","投资组合",0.84
838,"我对交易记录很感兴趣，请问能介绍一下吗？我想知道相关的具体要求和办理流程","交易服务","交易查询","交易记录","中等文本","中等","medium","交易记录, 办理, 流程",0.94
839,"贸易融资的具体流程是什么","信贷服务","企业贷款","贸易融资","短文本","简单","short","贸易融资, 流程",0.90
840,"我想了解交易记录的相关信息","交易服务","交易查询","交易记录","短文本","简单","short","交易记录",0.87
841,"我对保险理赔很感兴趣，请问能介绍一下吗？我想知道相关的具体要求和办理流程","投资理财","保险规划","保险理赔","中等文本","简单","medium","保险理赔, 保险, 办理, 流程",0.93
842,"请问密码找回怎么操作","账户服务","密码管理","密码找回","短文本","简单","short","密码找回, 密码",0.91
843,"我想了解代扣取消的相关信息","交易服务","代扣代缴","代扣取消","短文本","简单","short","代扣取消",0.82
844,"我对赎回费很感兴趣，请问能介绍一下吗？我想知道相关的具体要求和办理流程","产品咨询","费用说明","赎回费","中等文本","简单","medium","赎回费, 办理, 流程",0.95
845,"管理费的具体流程是什么","产品咨询","费用说明","管理费","短文本","简单","short","管理费, 流程",0.84
846,"资产配置建议的具体流程是什么","投资理财","资产配置","资产配置建议","短文本","简单","short","资产配置建议, 流程",0.86
847,"贷款审批需要什么条件","信贷服务","企业贷款","贷款审批","短文本","简单","short","贷款审批, 贷款, 条件",0.90
848,"资产配置建议的具体流程是什么","投资理财","资产配置","资产配置建议","短文本","简单","short","资产配置建议, 流程",0.93
849,"请问风险等级对比怎么操作","产品咨询","产品对比","风险等级对比","短文本","简单","short","风险等级对比, 风险",0.85
850,"大额存单的具体流程是什么","投资理财","理财产品","大额存单","短文本","简单","short","大额存单, 流程",0.96
851,"税费缴纳的具体流程是什么","交易服务","支付缴费","税费缴纳","短文本","简单","short","税费缴纳, 流程",0.83
852,"担保方式的具体流程是什么","信贷服务","额度管理","担保方式","短文本","简单","short","担保方式, 流程",0.93
853,"个人银行账户怎么开","账户服务","开户注销","个人开户","短文本","简单","short","个人开户",0.81
854,"承受能力需要什么条件","风险合规","风险评估","承受能力","短文本","简单","short","承受能力, 条件",0.92
855,"定投基金什么时候止盈","投资理财","基金投资","基金定投","短文本","简单","short","基金定投, 基金",0.81
856,"大额存单需要什么条件","投资理财","理财产品","大额存单","短文本","简单","short","大额存单, 条件",0.96
857,"请问代扣查询怎么操作","交易服务","代扣代缴","代扣查询","短文本","简单","short","代扣查询, 查询",0.85
858,"请问热门产品怎么操作","产品咨询","产品推荐","热门产品","短文本","简单","short","热门产品",0.84
859,"我要买理财产品，系统提示我要做风险评估，请问这个测评在哪里做？需要多长时间","投资理财","资产配置","风险评估","中等文本","中等","medium","风险评估, 风险, 理财",0.92
860,"请问预期收益怎么操作","产品咨询","收益计算","预期收益","短文本","简单","short","预期收益, 收益",0.97
861,"请问实名认证怎么操作","账户服务","安全验证","实名认证","短文本","简单","short","实名认证",0.97
862,"我对人寿保险很感兴趣，请问能介绍一下吗？我想知道相关的具体要求和办理流程","投资理财","保险规划","人寿保险","中等文本","中等","medium","人寿保险, 保险, 办理, 流程",0.97
863,"风险等级的具体流程是什么","风险合规","风险评估","风险等级","短文本","简单","short","风险等级, 风险, 流程",0.94
864,"请问代扣设置和其他类似服务相比有什么优势？我想做一个详细的了解和对比，看看哪个更适合我的需求","交易服务","代扣代缴","代扣设置","中等文本","简单","medium","代扣设置",0.87
865,"请问人脸识别和其他类似服务相比有什么优势？我想做一个详细的了解和对比，看看哪个更适合我的需求","账户服务","安全验证","人脸识别","中等文本","中等","medium","人脸识别",0.87
866,"风险提示书需要什么条件","风险合规","信息披露","风险提示书","短文本","简单","short","风险提示书, 风险, 条件",0.89
867,"我对风险提示很感兴趣，请问能介绍一下吗？我想知道相关的具体要求和办理流程","风险合规","风险评估","风险提示","中等文本","简单","medium","风险提示, 风险, 办理, 流程",0.84
868,"请问意外险和其他类似服务相比有什么优势？我想做一个详细的了解和对比，看看哪个更适合我的需求","投资理财","保险规划","意外险","中等文本","简单","medium","意外险",0.84
869,"请问办卡申请怎么操作","信贷服务","信用卡服务","办卡申请","短文本","简单","short","办卡申请, 申请",0.82
870,"我对定期调整很感兴趣，请问能介绍一下吗？我想知道相关的具体要求和办理流程","投资理财","资产配置","定期调整","中等文本","简单","medium","定期调整, 办理, 流程",0.82
871,"交易记录需要什么条件","交易服务","交易查询","交易记录","短文本","简单","short","交易记录, 条件",0.83
872,"保险理赔的具体流程是什么","投资理财","保险规划","保险理赔","短文本","简单","short","保险理赔, 保险, 流程",0.83
873,"请问预期收益和其他类似服务相比有什么优势？我想做一个详细的了解和对比，看看哪个更适合我的需求","产品咨询","收益计算","预期收益","中等文本","简单","medium","预期收益, 收益",0.81
874,"我对复利计算很感兴趣，请问能介绍一下吗？我想知道相关的具体要求和办理流程","产品咨询","收益计算","复利计算","中等文本","中等","medium","复利计算, 办理, 流程",0.97
875,"请问服务费和其他类似服务相比有什么优势？我想做一个详细的了解和对比，看看哪个更适合我的需求","产品咨询","费用说明","服务费","中等文本","中等","medium","服务费",0.89
876,"我想了解财产保险的相关信息","投资理财","保险规划","财产保险","短文本","简单","short","财产保险, 保险",0.93
877,"我的风险评估结果是稳健型，请问可以买哪些理财产品？能不能买R3风险等级的产品","投资理财","资产配置","风险评估","中等文本","简单","medium","风险评估, 风险, 理财",0.94
878,"我对实名认证很感兴趣，请问能介绍一下吗？我想知道相关的具体要求和办理流程","账户服务","安全验证","实名认证","中等文本","简单","medium","实名认证, 办理, 流程",0.92
879,"货币基金的具体流程是什么","投资理财","基金投资","货币基金","短文本","简单","short","货币基金, 基金, 流程",0.80
880,"实时转账需要什么条件","交易服务","转账汇款","实时转账","短文本","简单","short","实时转账, 转账, 条件",0.82
881,"请问费用对比和其他类似服务相比有什么优势？我想做一个详细的了解和对比，看看哪个更适合我的需求","产品咨询","产品对比","费用对比","中等文本","中等","medium","费用对比",0.97
882,"我想了解担保方式的相关信息","信贷服务","额度管理","担保方式","短文本","简单","short","担保方式",0.95
883,"定投基金有什么好处","投资理财","基金投资","基金定投","短文本","简单","short","基金定投, 基金",0.94
884,"密码找回需要什么条件","账户服务","密码管理","密码找回","短文本","简单","short","密码找回, 密码, 条件",0.85
885,"我想了解交易权限的相关信息","账户服务","权限设置","交易权限","短文本","简单","short","交易权限",0.98
886,"我对健康保险很感兴趣，请问能介绍一下吗？我想知道相关的具体要求和办理流程","投资理财","保险规划","健康保险","中等文本","中等","medium","健康保险, 保险, 办理, 流程",0.92
887,"我想了解服务费的相关信息","产品咨询","费用说明","服务费","短文本","简单","short","服务费",0.99
888,"银行理财需要什么条件","投资理财","理财产品","银行理财","短文本","简单","short","银行理财, 理财, 条件",0.88
889,"对账单需要什么条件","交易服务","交易查询","对账单","短文本","简单","short","对账单, 条件",0.96
890,"请问实名认证和其他类似服务相比有什么优势？我想做一个详细的了解和对比，看看哪个更适合我的需求","账户服务","安全验证","实名认证","中等文本","简单","medium","实名认证",0.90
891,"请问对账单怎么操作","交易服务","交易查询","对账单","短文本","简单","short","对账单",0.94
892,"指数基金的费率大概是多少？包括管理费、托管费、申购费和赎回费，还有指数增强型基金和普通指数基金的区别","投资理财","基金投资","指数基金","中等文本","中等","medium","指数基金, 费率, 基金",0.85
893,"我的信用卡额度是1万，用了半年了，每次都按时还款，请问能提升到多少额度？需要什么条件","信贷服务","信用卡服务","额度提升","中等文本","简单","medium","额度提升, 额度, 信用卡, 条件",0.84
894,"港股通需要什么条件","投资理财","股票投资","港股通","短文本","简单","short","港股通, 条件",0.91
895,"我对办卡申请很感兴趣，请问能介绍一下吗？我想知道相关的具体要求和办理流程","信贷服务","信用卡服务","办卡申请","中等文本","中等","medium","办卡申请, 申请, 办理, 流程",0.95
896,"请问财产保险怎么操作","投资理财","保险规划","财产保险","短文本","简单","short","财产保险, 保险",0.86
897,"请问办卡申请和其他类似服务相比有什么优势？我想做一个详细的了解和对比，看看哪个更适合我的需求","信贷服务","信用卡服务","办卡申请","中等文本","中等","medium","办卡申请, 申请",0.94
898,"我想了解新股申购的相关信息","投资理财","股票投资","新股申购","短文本","简单","short","新股申购",0.93
899,"收益率对比需要什么条件","产品咨询","产品对比","收益率对比","短文本","简单","short","收益率对比, 收益, 条件",0.99
900,"我对风险提示书很感兴趣，请问能介绍一下吗？我想知道相关的具体要求和办理流程","风险合规","信息披露","风险提示书","中等文本","中等","medium","风险提示书, 风险, 办理, 流程",0.85
901,"请问委托授权和其他类似服务相比有什么优势？我想做一个详细的了解和对比，看看哪个更适合我的需求","账户服务","权限设置","委托授权","中等文本","简单","medium","委托授权",0.81
902,"行内转账的限额是多少？我需要转账5万块钱，能不能一次性转出去","交易服务","转账汇款","行内转账","短文本","简单","short","行内转账, 转账",0.93
903,"指数基金推荐","投资理财","基金投资","指数基金","短文本","简单","short","指数基金, 基金",0.91
904,"我对美股交易很感兴趣，请问能介绍一下吗？我想知道相关的具体要求和办理流程","投资理财","股票投资","美股交易","中等文本","简单","medium","美股交易, 办理, 流程",1.00
905,"我想了解货币基金的相关信息","投资理财","基金投资","货币基金","短文本","简单","short","货币基金, 基金",0.94
906,"请问货币基金怎么操作","投资理财","基金投资","货币基金","短文本","简单","short","货币基金, 基金",0.95
907,"我对代扣设置很感兴趣，请问能介绍一下吗？我想知道相关的具体要求和办理流程","交易服务","代扣代缴","代扣设置","中等文本","简单","medium","代扣设置, 办理, 流程",0.93
908,"我想了解休眠账户激活的相关信息","账户服务","开户注销","休眠账户激活","短文本","简单","short","休眠账户激活",0.80
909,"定投基金什么时候止盈","投资理财","基金投资","基金定投","短文本","简单","short","基金定投, 基金",0.81
910,"指数基金跟踪哪些指数","投资理财","基金投资","指数基金","短文本","简单","short","指数基金, 基金",0.95
911,"请问结构性存款和其他类似服务相比有什么优势？我想做一个详细的了解和对比，看看哪个更适合我的需求","投资理财","理财产品","结构性存款","中等文本","中等","medium","结构性存款, 存款",0.99
912,"请问身份识别怎么操作","风险合规","合规咨询","身份识别","短文本","简单","short","身份识别",0.87
913,"我对收益率对比很感兴趣，请问能介绍一下吗？我想知道相关的具体要求和办理流程","产品咨询","产品对比","收益率对比","中等文本","简单","medium","收益率对比, 收益, 办理, 流程",0.91
914,"复利计算的具体流程是什么","产品咨询","收益计算","复利计算","短文本","简单","short","复利计算, 流程",0.99
915,"消费贷和信用卡现金分期哪个更划算？我需要借20万用一年，请问哪种方式的利息更低，有没有其他手续费","信贷服务","个人贷款","消费贷","中等文本","中等","medium","消费贷, 信用卡, 手续费",0.85
916,"我想了解保险理赔的相关信息","投资理财","保险规划","保险理赔","短文本","简单","short","保险理赔, 保险",0.84
917,"历史收益查询的具体流程是什么","产品咨询","收益计算","历史收益查询","短文本","简单","short","历史收益查询, 收益, 查询, 流程",0.95
918,"请问信息披露查询怎么操作","风险合规","信息披露","信息披露查询","短文本","简单","short","信息披露查询, 查询",0.89
919,"对账单的具体流程是什么","交易服务","交易查询","对账单","短文本","简单","short","对账单, 流程",0.86
920,"请问短信验证怎么操作","账户服务","安全验证","短信验证","短文本","简单","short","短信验证",0.97
921,"请问风险提示和其他类似服务相比有什么优势？我想做一个详细的了解和对比，看看哪个更适合我的需求","风险合规","风险评估","风险提示","中等文本","中等","medium","风险提示, 风险",0.95
922,"我想了解健康保险的相关信息","投资理财","保险规划","健康保险","短文本","简单","short","健康保险, 保险",0.91
923,"大额存单的具体流程是什么","投资理财","理财产品","大额存单","短文本","简单","short","大额存单, 流程",0.81
924,"请问账单分期和其他类似服务相比有什么优势？我想做一个详细的了解和对比，看看哪个更适合我的需求","信贷服务","信用卡服务","账单分期","中等文本","中等","medium","账单分期",1.00
925,"我对净值型理财很感兴趣，请问能介绍一下吗？我想知道相关的具体要求和办理流程","投资理财","理财产品","净值型理财","中等文本","简单","medium","净值型理财, 理财, 办理, 流程",0.83
926,"自动缴费的具体流程是什么","交易服务","代扣代缴","自动缴费","短文本","简单","short","自动缴费, 缴费, 流程",0.98
927,"人脸识别需要什么条件","账户服务","安全验证","人脸识别","短文本","简单","short","人脸识别, 条件",0.85
928,"产品说明书的具体流程是什么","风险合规","信息披露","产品说明书","短文本","简单","short","产品说明书, 流程",0.93
929,"请问担保方式和其他类似服务相比有什么优势？我想做一个详细的了解和对比，看看哪个更适合我的需求","信贷服务","额度管理","担保方式","中等文本","中等","medium","担保方式",0.85
930,"健康保险的具体流程是什么","投资理财","保险规划","健康保险","短文本","简单","short","健康保险, 保险, 流程",0.83
931,"我想了解进取型产品的相关信息","产品咨询","产品推荐","进取型产品","短文本","简单","short","进取型产品",0.87
932,"我想了解交易明细的相关信息","交易服务","交易查询","交易明细","短文本","简单","short","交易明细",1.00
933,"请问承受能力怎么操作","风险合规","风险评估","承受能力","短文本","简单","short","承受能力",0.95
934,"我想了解实际收益的相关信息","产品咨询","收益计算","实际收益","短文本","简单","short","实际收益, 收益",0.89
935,"请问风险提示怎么操作","风险合规","风险评估","风险提示","短文本","简单","short","风险提示, 风险",0.90
936,"请问意外险和其他类似服务相比有什么优势？我想做一个详细的了解和对比，看看哪个更适合我的需求","投资理财","保险规划","意外险","中等文本","中等","medium","意外险",0.83
937,"请问进取型产品和其他类似服务相比有什么优势？我想做一个详细的了解和对比，看看哪个更适合我的需求","产品咨询","产品推荐","进取型产品","中等文本","简单","medium","进取型产品",0.88
938,"信用卡怎么激活","信贷服务","信用卡服务","信用卡激活","短文本","简单","short","信用卡激活, 信用卡",0.95
939,"风险测评需要什么条件","风险合规","风险评估","风险测评","短文本","简单","short","风险测评, 风险, 条件",0.91
940,"临时额度和固定额度的区别","信贷服务","信用卡服务","额度提升","短文本","简单","short","额度提升, 额度",0.85
941,"人寿保险的具体流程是什么","投资理财","保险规划","人寿保险","短文本","简单","short","人寿保险, 保险, 流程",0.86
942,"我对净值型理财很感兴趣，请问能介绍一下吗？我想知道相关的具体要求和办理流程","投资理财","理财产品","净值型理财","中等文本","简单","medium","净值型理财, 理财, 办理, 流程",1.00
943,"结构性存款需要什么条件","投资理财","理财产品","结构性存款","短文本","简单","short","结构性存款, 存款, 条件",0.97
944,"我对持仓分析很感兴趣，请问能介绍一下吗？我想知道相关的具体要求和办理流程","投资理财","股票投资","持仓分析","中等文本","中等","medium","持仓分析, 办理, 流程",0.95
945,"我想了解代扣取消的相关信息","交易服务","代扣代缴","代扣取消","短文本","简单","short","代扣取消",0.81
946,"盾卡管理需要什么条件","账户服务","安全验证","盾卡管理","短文本","简单","short","盾卡管理, 条件",0.87
947,"请问风险测评和其他类似服务相比有什么优势？我想做一个详细的了解和对比，看看哪个更适合我的需求","风险合规","风险评估","风险测评","中等文本","简单","medium","风险测评, 风险",0.85
948,"指数基金的费率大概是多少？包括管理费、托管费、申购费和赎回费，还有指数增强型基金和普通指数基金的区别","投资理财","基金投资","指数基金","中等文本","简单","medium","指数基金, 费率, 基金",0.96
949,"我对盾卡管理很感兴趣，请问能介绍一下吗？我想知道相关的具体要求和办理流程","账户服务","安全验证","盾卡管理","中等文本","简单","medium","盾卡管理, 办理, 流程",0.94
950,"请问服务费和其他类似服务相比有什么优势？我想做一个详细的了解和对比，看看哪个更适合我的需求","产品咨询","费用说明","服务费","中等文本","简单","medium","服务费",0.93
951,"抵押贷的具体流程是什么","信贷服务","个人贷款","抵押贷","短文本","简单","short","抵押贷, 流程",0.90
952,"自动缴费需要什么条件","交易服务","代扣代缴","自动缴费","短文本","简单","short","自动缴费, 缴费, 条件",0.82
953,"消费贷利率多少","信贷服务","个人贷款","消费贷","短文本","简单","short","消费贷, 利率",0.88
954,"请问预约转账怎么操作","交易服务","转账汇款","预约转账","短文本","简单","short","预约转账, 转账",0.95
955,"请问新股申购怎么操作","投资理财","股票投资","新股申购","短文本","简单","short","新股申购",0.83
956,"登录密码忘了怎么办","账户服务","密码管理","登录密码","短文本","简单","short","登录密码, 密码",0.83
957,"收益率对比需要什么条件","产品咨询","产品对比","收益率对比","短文本","简单","short","收益率对比, 收益, 条件",0.91
958,"我对密码找回很感兴趣，请问能介绍一下吗？我想知道相关的具体要求和办理流程","账户服务","密码管理","密码找回","中等文本","简单","medium","密码找回, 密码, 办理, 流程",0.87
959,"实名认证需要什么条件","账户服务","安全验证","实名认证","短文本","简单","short","实名认证, 条件",0.94
960,"税费缴纳的具体流程是什么","交易服务","支付缴费","税费缴纳","短文本","简单","short","税费缴纳, 流程",0.91
961,"跨行转账手续费怎么收","交易服务","转账汇款","跨行转账","短文本","简单","short","跨行转账, 转账, 手续费",0.99
962,"税费缴纳需要什么条件","交易服务","支付缴费","税费缴纳","短文本","简单","short","税费缴纳, 条件",0.91
963,"我想了解风险提示的相关信息","风险合规","风险评估","风险提示","短文本","简单","short","风险提示, 风险",0.85
964,"我对风险提示很感兴趣，请问能介绍一下吗？我想知道相关的具体要求和办理流程","风险合规","风险评估","风险提示","中等文本","中等","medium","风险提示, 风险, 办理, 流程",0.85
965,"我想了解密码找回的相关信息","账户服务","密码管理","密码找回","短文本","简单","short","密码找回, 密码",0.98
966,"休眠账户激活需要什么条件","账户服务","开户注销","休眠账户激活","短文本","简单","short","休眠账户激活, 条件",0.94
967,"我对进取型产品很感兴趣，请问能介绍一下吗？我想知道相关的具体要求和办理流程","产品咨询","产品推荐","进取型产品","中等文本","简单","medium","进取型产品, 办理, 流程",0.88
968,"我想了解历史收益查询的相关信息","产品咨询","收益计算","历史收益查询","短文本","简单","short","历史收益查询, 收益, 查询",0.81
969,"请问担保方式怎么操作","信贷服务","额度管理","担保方式","短文本","简单","short","担保方式",0.85
970,"我想了解代扣设置的相关信息","交易服务","代扣代缴","代扣设置","短文本","简单","short","代扣设置",0.87
971,"请问密码找回怎么操作","账户服务","密码管理","密码找回","短文本","简单","short","密码找回, 密码",0.83
972,"企业开户的具体流程是什么","账户服务","开户注销","企业开户","短文本","简单","short","企业开户, 开户, 流程",0.97
973,"我对保险理赔很感兴趣，请问能介绍一下吗？我想知道相关的具体要求和办理流程","投资理财","保险规划","保险理赔","中等文本","中等","medium","保险理赔, 保险, 办理, 流程",0.94
974,"风险等级需要什么条件","风险合规","风险评估","风险等级","短文本","简单","short","风险等级, 风险, 条件",0.82
975,"请问授信管理和其他类似服务相比有什么优势？我想做一个详细的了解和对比，看看哪个更适合我的需求","信贷服务","额度管理","授信管理","中等文本","简单","medium","授信管理",0.83
976,"请问意外险怎么操作","投资理财","保险规划","意外险","短文本","简单","short","意外险",0.97
977,"请问港股通和其他类似服务相比有什么优势？我想做一个详细的了解和对比，看看哪个更适合我的需求","投资理财","股票投资","港股通","中等文本","简单","medium","港股通",0.88
978,"我对风险提示很感兴趣，请问能介绍一下吗？我想知道相关的具体要求和办理流程","风险合规","风险评估","风险提示","中等文本","中等","medium","风险提示, 风险, 办理, 流程",0.82
979,"请问自动缴费怎么操作","交易服务","代扣代缴","自动缴费","短文本","简单","short","自动缴费, 缴费",0.86
980,"我想了解自动缴费的相关信息","交易服务","代扣代缴","自动缴费","短文本","简单","short","自动缴费, 缴费",0.92
981,"我刚收到你们银行寄来的信用卡，请问怎么激活？可以通过手机银行APP操作吗？","信贷服务","信用卡服务","信用卡激活","中等文本","中等","medium","信用卡激活, 信用卡",0.81
982,"风险提示需要什么条件","风险合规","风险评估","风险提示","短文本","简单","short","风险提示, 风险, 条件",0.98
983,"对账单需要什么条件","交易服务","交易查询","对账单","短文本","简单","short","对账单, 条件",0.85
984,"交易权限需要什么条件","账户服务","权限设置","交易权限","短文本","简单","short","交易权限, 条件",0.98
985,"我想了解休眠账户激活的相关信息","账户服务","开户注销","休眠账户激活","短文本","简单","short","休眠账户激活",0.97
986,"我对授信管理很感兴趣，请问能介绍一下吗？我想知道相关的具体要求和办理流程","信贷服务","额度管理","授信管理","中等文本","中等","medium","授信管理, 办理, 流程",0.85
987,"我想了解经营贷的相关信息","信贷服务","个人贷款","经营贷","短文本","简单","short","经营贷",0.90
988,"我对净值型理财很感兴趣，请问能介绍一下吗？我想知道相关的具体要求和办理流程","投资理财","理财产品","净值型理财","中等文本","中等","medium","净值型理财, 理财, 办理, 流程",0.98
989,"我对产品公告很感兴趣，请问能介绍一下吗？我想知道相关的具体要求和办理流程","风险合规","信息披露","产品公告","中等文本","中等","medium","产品公告, 办理, 流程",0.89
990,"我想了解实名认证的相关信息","账户服务","安全验证","实名认证","短文本","简单","short","实名认证",0.89
991,"请问服务费怎么操作","产品咨询","费用说明","服务费","短文本","简单","short","服务费",0.97
992,"热门产品的具体流程是什么","产品咨询","产品推荐","热门产品","短文本","简单","short","热门产品, 流程",0.99
993,"合规要求的具体流程是什么","风险合规","合规咨询","合规要求","短文本","简单","short","合规要求, 流程",0.89
994,"怎么行内转账","交易服务","转账汇款","行内转账","短文本","简单","short","行内转账, 转账",0.96
995,"我对大额存单很感兴趣，请问能介绍一下吗？我想知道相关的具体要求和办理流程","投资理财","理财产品","大额存单","中等文本","简单","medium","大额存单, 办理, 流程",0.86
996,"我想了解风险等级的相关信息","风险合规","风险评估","风险等级","短文本","简单","short","风险等级, 风险",0.99
997,"请问企业开户和其他类似服务相比有什么优势？我想做一个详细的了解和对比，看看哪个更适合我的需求","账户服务","开户注销","企业开户","中等文本","简单","medium","企业开户, 开户",0.81
998,"我对赎回费很感兴趣，请问能介绍一下吗？我想知道相关的具体要求和办理流程","产品咨询","费用说明","赎回费","中等文本","中等","medium","赎回费, 办理, 流程",0.91
999,"我对经营贷很感兴趣，请问能介绍一下吗？我想知道相关的具体要求和办理流程","信贷服务","个人贷款","经营贷","中等文本","中等","medium","经营贷, 办理, 流程",0.97
1000,"密码找回的具体流程是什么","账户服务","密码管理","密码找回","短文本","简单","short","密码找回, 密码, 流程",0.98
1001,"我对交通罚款很感兴趣，请问能介绍一下吗？我想知道相关的具体要求和办理流程","交易服务","支付缴费","交通罚款","中等文本","中等","medium","交通罚款, 办理, 流程",0.83
1002,"支付密码需要什么条件","账户服务","密码管理","支付密码","短文本","简单","short","支付密码, 密码, 条件",0.98
1003,"我想了解车险的相关信息","投资理财","保险规划","车险","短文本","简单","short","车险",0.94
1004,"我对新股申购很感兴趣，请问能介绍一下吗？我想知道相关的具体要求和办理流程","投资理财","股票投资","新股申购","中等文本","中等","medium","新股申购, 办理, 流程",0.91
1005,"请问产品公告和其他类似服务相比有什么优势？我想做一个详细的了解和对比，看看哪个更适合我的需求","风险合规","信息披露","产品公告","中等文本","简单","medium","产品公告",0.94
1006,"请问休眠账户激活和其他类似服务相比有什么优势？我想做一个详细的了解和对比，看看哪个更适合我的需求","账户服务","开户注销","休眠账户激活","中等文本","中等","medium","休眠账户激活",0.82
1007,"请问定期调整和其他类似服务相比有什么优势？我想做一个详细的了解和对比，看看哪个更适合我的需求","投资理财","资产配置","定期调整","中等文本","中等","medium","定期调整",0.87
1008,"首套房和二套房的房贷利率差多少？我现在有一套房还在贷款中，想再买一套的话首付比例和利率分别是多少","信贷服务","个人贷款","房贷","中等文本","中等","medium","房贷, 利率, 贷款",0.85
1009,"请问复利计算怎么操作","产品咨询","收益计算","复利计算","短文本","简单","short","复利计算",0.93
1010,"登录密码忘了怎么办","账户服务","密码管理","登录密码","短文本","简单","short","登录密码, 密码",0.95
1011,"信用卡提额需要什么条件","信贷服务","信用卡服务","额度提升","短文本","简单","short","额度提升, 信用卡, 条件",0.97
1012,"账户注销需要什么条件","账户服务","开户注销","账户注销","短文本","简单","short","账户注销, 条件",0.91
1013,"进取型产品的具体流程是什么","产品咨询","产品推荐","进取型产品","短文本","简单","short","进取型产品, 流程",0.97
1014,"身份识别需要什么条件","风险合规","合规咨询","身份识别","短文本","简单","short","身份识别, 条件",0.96
1015,"信用贷的具体流程是什么","信贷服务","个人贷款","信用贷","短文本","简单","short","信用贷, 流程",0.93
1016,"净值型理财的具体流程是什么","投资理财","理财产品","净值型理财","短文本","简单","short","净值型理财, 理财, 流程",0.85
1017,"热门产品需要什么条件","产品咨询","产品推荐","热门产品","短文本","简单","short","热门产品, 条件",0.91
1018,"请问临时额度怎么操作","信贷服务","信用卡服务","临时额度","短文本","简单","short","临时额度, 额度",0.98
1019,"请问办卡申请和其他类似服务相比有什么优势？我想做一个详细的了解和对比，看看哪个更适合我的需求","信贷服务","信用卡服务","办卡申请","中等文本","简单","medium","办卡申请, 申请",0.87
1020,"我的网银登录密码忘记了，请问怎么找回？需要去柜台办理吗？","账户服务","密码管理","登录密码","短文本","简单","short","登录密码, 密码, 办理",0.88
1021,"我想了解赎回费的相关信息","产品咨询","费用说明","赎回费","短文本","简单","short","赎回费",0.82
1022,"话费充值到账时间是多久？刚充了话费还没到账，请问要等多久","交易服务","支付缴费","手机充值","短文本","简单","short","手机充值",0.99
1023,"我想了解信用贷的相关信息","信贷服务","个人贷款","信用贷","短文本","简单","short","信用贷",0.90
1024,"我想了解财产保险的相关信息","投资理财","保险规划","财产保险","短文本","简单","short","财产保险, 保险",0.90
1025,"请问监管政策和其他类似服务相比有什么优势？我想做一个详细的了解和对比，看看哪个更适合我的需求","风险合规","合规咨询","监管政策","中等文本","中等","medium","监管政策",0.88
1026,"我想了解办卡申请的相关信息","信贷服务","信用卡服务","办卡申请","短文本","简单","short","办卡申请, 申请",0.97
1027,"我想了解净值型理财的相关信息","投资理财","理财产品","净值型理财","短文本","简单","short","净值型理财, 理财",0.89
1028,"资产配置建议需要什么条件","投资理财","资产配置","资产配置建议","短文本","简单","short","资产配置建议, 条件",0.82
1029,"请问实时转账和其他类似服务相比有什么优势？我想做一个详细的了解和对比，看看哪个更适合我的需求","交易服务","转账汇款","实时转账","中等文本","中等","medium","实时转账, 转账",0.96
1030,"大额交易需要申报吗","风险合规","合规咨询","反洗钱","短文本","简单","short","反洗钱",0.89
1031,"临时额度的具体流程是什么","信贷服务","信用卡服务","临时额度","短文本","简单","short","临时额度, 额度, 流程",0.92
1032,"额度调整需要什么条件","信贷服务","额度管理","额度调整","短文本","简单","short","额度调整, 额度, 条件",0.95
1033,"合规要求的具体流程是什么","风险合规","合规咨询","合规要求","短文本","简单","short","合规要求, 流程",0.98
1034,"银行理财的具体流程是什么","投资理财","理财产品","银行理财","短文本","简单","short","银行理财, 理财, 流程",0.96
1035,"我想了解企业开户的相关信息","账户服务","开户注销","企业开户","短文本","简单","short","企业开户, 开户",0.95
1036,"请问实际收益怎么操作","产品咨询","收益计算","实际收益","短文本","简单","short","实际收益, 收益",0.80
1037,"跨行转账需要对方什么信息？只需要银行卡号还是也需要开户行名称？大额转账要提前预约吗","交易服务","转账汇款","跨行转账","中等文本","中等","medium","跨行转账, 转账, 开户",0.93
1038,"请问实际收益怎么操作","产品咨询","收益计算","实际收益","短文本","简单","short","实际收益, 收益",0.94
1039,"首套房和二套房的房贷利率差多少？我现在有一套房还在贷款中，想再买一套的话首付比例和利率分别是多少","信贷服务","个人贷款","房贷","中等文本","中等","medium","房贷, 利率, 贷款",0.84
1040,"网上银行怎么开户","账户服务","开户注销","个人开户","短文本","简单","short","个人开户, 开户",0.96
1041,"开放式基金和封闭式基金有什么区别？我想了解一下它们的主要特点，特别是关于流动性和申购赎回机制方面的差异","投资理财","基金投资","开放式基金","中等文本","简单","medium","开放式基金, 基金",0.83
1042,"支付密码需要什么条件","账户服务","密码管理","支付密码","短文本","简单","short","支付密码, 密码, 条件",0.94
1043,"请问低风险产品怎么操作","产品咨询","产品推荐","低风险产品","短文本","简单","short","低风险产品, 风险",0.88
1044,"额度调整的具体流程是什么","信贷服务","额度管理","额度调整","短文本","简单","short","额度调整, 额度, 流程",0.99
1045,"我想了解监管政策的相关信息","风险合规","合规咨询","监管政策","短文本","简单","short","监管政策",0.97
1046,"我对代扣设置很感兴趣，请问能介绍一下吗？我想知道相关的具体要求和办理流程","交易服务","代扣代缴","代扣设置","中等文本","简单","medium","代扣设置, 办理, 流程",0.88
1047,"我对临时额度很感兴趣，请问能介绍一下吗？我想知道相关的具体要求和办理流程","信贷服务","信用卡服务","临时额度","中等文本","简单","medium","临时额度, 额度, 办理, 流程",0.85
1048,"请问密码找回和其他类似服务相比有什么优势？我想做一个详细的了解和对比，看看哪个更适合我的需求","账户服务","密码管理","密码找回","中等文本","中等","medium","密码找回, 密码",0.93
1049,"我对港股通很感兴趣，请问能介绍一下吗？我想知道相关的具体要求和办理流程","投资理财","股票投资","港股通","中等文本","简单","medium","港股通, 办理, 流程",0.82
1050,"请问税费缴纳和其他类似服务相比有什么优势？我想做一个详细的了解和对比，看看哪个更适合我的需求","交易服务","支付缴费","税费缴纳","中等文本","简单","medium","税费缴纳",0.92
1051,"我对产品说明书很感兴趣，请问能介绍一下吗？我想知道相关的具体要求和办理流程","风险合规","信息披露","产品说明书","中等文本","简单","medium","产品说明书, 办理, 流程",0.98
1052,"请问美股交易和其他类似服务相比有什么优势？我想做一个详细的了解和对比，看看哪个更适合我的需求","投资理财","股票投资","美股交易","中等文本","中等","medium","美股交易",0.98
1053,"基金赎回需要什么条件","投资理财","基金投资","基金赎回","短文本","简单","short","基金赎回, 基金, 条件",0.82
1054,"信息披露查询需要什么条件","风险合规","信息披露","信息披露查询","短文本","简单","short","信息披露查询, 查询, 条件",0.97
1055,"请问健康保险怎么操作","投资理财","保险规划","健康保险","短文本","简单","short","健康保险, 保险",0.84
1056,"我给朋友转钱，他也是你们银行的，请问转账要手续费吗？即时到账吗","交易服务","转账汇款","行内转账","中等文本","中等","medium","行内转账, 转账, 手续费",0.98
1057,"低风险产品的具体流程是什么","产品咨询","产品推荐","低风险产品","短文本","简单","short","低风险产品, 风险, 流程",0.91
1058,"手机话费怎么充值","交易服务","支付缴费","手机充值","短文本","简单","short","手机充值",0.82
1059,"大额存单需要什么条件","投资理财","理财产品","大额存单","短文本","简单","short","大额存单, 条件",0.87
1060,"请问股票查询和其他类似服务相比有什么优势？我想做一个详细的了解和对比，看看哪个更适合我的需求","投资理财","股票投资","股票查询","中等文本","中等","medium","股票查询, 股票, 查询",0.95
1061,"资产配置建议需要什么条件","投资理财","资产配置","资产配置建议","短文本","简单","short","资产配置建议, 条件",0.81
1062,"抵押贷需要什么条件","信贷服务","个人贷款","抵押贷","短文本","简单","short","抵押贷, 条件",0.86
1063,"贷款计算需要什么条件","信贷服务","个人贷款","贷款计算","短文本","简单","short","贷款计算, 贷款, 条件",0.91
1064,"请问信用贷怎么操作","信贷服务","个人贷款","信用贷","短文本","简单","short","信用贷",0.92
1065,"我对基金转换很感兴趣，请问能介绍一下吗？我想知道相关的具体要求和办理流程","投资理财","基金投资","基金转换","中等文本","简单","medium","基金转换, 基金, 办理, 流程",0.86
1066,"请问收益率对比怎么操作","产品咨询","产品对比","收益率对比","短文本","简单","short","收益率对比, 收益",0.99
1067,"我想了解复利计算的相关信息","产品咨询","收益计算","复利计算","短文本","简单","short","复利计算",0.87
1068,"管理费需要什么条件","产品咨询","费用说明","管理费","短文本","简单","short","管理费, 条件",0.86
1069,"复利计算的具体流程是什么","产品咨询","收益计算","复利计算","短文本","简单","short","复利计算, 流程",0.89
1070,"请问定期调整和其他类似服务相比有什么优势？我想做一个详细的了解和对比，看看哪个更适合我的需求","投资理财","资产配置","定期调整","中等文本","简单","medium","定期调整",0.85
1071,"风险测评的具体流程是什么","风险合规","风险评估","风险测评","短文本","简单","short","风险测评, 风险, 流程",0.81
1072,"我对交易明细很感兴趣，请问能介绍一下吗？我想知道相关的具体要求和办理流程","交易服务","交易查询","交易明细","中等文本","简单","medium","交易明细, 办理, 流程",0.89
1073,"我对定期调整很感兴趣，请问能介绍一下吗？我想知道相关的具体要求和办理流程","投资理财","资产配置","定期调整","中等文本","中等","medium","定期调整, 办理, 流程",0.81
1074,"实际收益的具体流程是什么","产品咨询","收益计算","实际收益","短文本","简单","short","实际收益, 收益, 流程",0.89
1075,"我对历史收益查询很感兴趣，请问能介绍一下吗？我想知道相关的具体要求和办理流程","产品咨询","收益计算","历史收益查询","中等文本","简单","medium","历史收益查询, 收益, 查询, 办理, 流程",0.83
1076,"人寿保险需要什么条件","投资理财","保险规划","人寿保险","短文本","简单","short","人寿保险, 保险, 条件",0.82
1077,"密码重置的具体流程是什么","账户服务","密码管理","密码重置","短文本","简单","short","密码重置, 密码, 流程",0.93
1078,"请问流动资金贷款和其他类似服务相比有什么优势？我想做一个详细的了解和对比，看看哪个更适合我的需求","信贷服务","企业贷款","流动资金贷款","中等文本","中等","medium","流动资金贷款, 贷款",0.85
1079,"请问车险和其他类似服务相比有什么优势？我想做一个详细的了解和对比，看看哪个更适合我的需求","投资理财","保险规划","车险","中等文本","简单","medium","车险",0.86
1080,"信用卡激活要收费吗","信贷服务","信用卡服务","信用卡激活","短文本","简单","short","信用卡激活, 信用卡",0.87
1081,"我想了解电子回单的相关信息","交易服务","交易查询","电子回单","短文本","简单","short","电子回单",0.98
1082,"开放式基金有哪些","投资理财","基金投资","开放式基金","短文本","简单","short","开放式基金, 基金",0.84
1083,"登录密码有什么要求","账户服务","密码管理","登录密码","短文本","简单","short","登录密码, 密码",0.96
1084,"行内转账要手续费吗","交易服务","转账汇款","行内转账","短文本","简单","short","行内转账, 转账, 手续费",0.91
1085,"请问贸易融资怎么操作","信贷服务","企业贷款","贸易融资","短文本","简单","short","贸易融资",0.97
1086,"请问预约转账和其他类似服务相比有什么优势？我想做一个详细的了解和对比，看看哪个更适合我的需求","交易服务","转账汇款","预约转账","中等文本","简单","medium","预约转账, 转账",0.89
1087,"结构性存款的具体流程是什么","投资理财","理财产品","结构性存款","短文本","简单","short","结构性存款, 存款, 流程",0.93
1088,"额度查询需要什么条件","信贷服务","额度管理","额度查询","短文本","简单","short","额度查询, 额度, 查询, 条件",0.94
1089,"我对复利计算很感兴趣，请问能介绍一下吗？我想知道相关的具体要求和办理流程","产品咨询","收益计算","复利计算","中等文本","中等","medium","复利计算, 办理, 流程",0.93
1090,"我想了解车险的相关信息","投资理财","保险规划","车险","短文本","简单","short","车险",0.83
1091,"授信管理的具体流程是什么","信贷服务","额度管理","授信管理","短文本","简单","short","授信管理, 流程",0.99
1092,"我想了解权限冻结的相关信息","账户服务","权限设置","权限冻结","短文本","简单","short","权限冻结",0.90
1093,"请问A股交易怎么操作","投资理财","股票投资","A股交易","短文本","简单","short","A股交易",0.83
1094,"我对风险测评很感兴趣，请问能介绍一下吗？我想知道相关的具体要求和办理流程","风险合规","风险评估","风险测评","中等文本","简单","medium","风险测评, 风险, 办理, 流程",0.87
1095,"请问持仓分析怎么操作","投资理财","股票投资","持仓分析","短文本","简单","short","持仓分析",0.89
1096,"授信管理需要什么条件","信贷服务","额度管理","授信管理","短文本","简单","short","授信管理, 条件",0.88
1097,"我想了解进取型产品的相关信息","产品咨询","产品推荐","进取型产品","短文本","简单","short","进取型产品",0.95
1098,"充值没到账怎么办","交易服务","支付缴费","手机充值","短文本","简单","short","手机充值",0.89
1099,"定期调整需要什么条件","投资理财","资产配置","定期调整","短文本","简单","short","定期调整, 条件",0.91
1100,"我对投资组合很感兴趣，请问能介绍一下吗？我想知道相关的具体要求和办理流程","投资理财","资产配置","投资组合","中等文本","中等","medium","投资组合, 办理, 流程",0.98
1101,"怎么行内转账","交易服务","转账汇款","行内转账","短文本","简单","short","行内转账, 转账",0.93
1102,"请问新股申购怎么操作","投资理财","股票投资","新股申购","短文本","简单","short","新股申购",0.85
1103,"保险理赔的具体流程是什么","投资理财","保险规划","保险理赔","短文本","简单","short","保险理赔, 保险, 流程",0.95
1104,"结构性存款需要什么条件","投资理财","理财产品","结构性存款","短文本","简单","short","结构性存款, 存款, 条件",1.00
1105,"请问办卡申请怎么操作","信贷服务","信用卡服务","办卡申请","短文本","简单","short","办卡申请, 申请",0.81
1106,"请问自动缴费怎么操作","交易服务","代扣代缴","自动缴费","短文本","简单","short","自动缴费, 缴费",0.93
1107,"信用贷需要什么条件","信贷服务","个人贷款","信用贷","短文本","简单","short","信用贷, 条件",0.81
1108,"意外险的具体流程是什么","投资理财","保险规划","意外险","短文本","简单","short","意外险, 流程",0.93
1109,"请问支付密码怎么操作","账户服务","密码管理","支付密码","短文本","简单","short","支付密码, 密码",0.81
1110,"我想了解权限冻结的相关信息","账户服务","权限设置","权限冻结","短文本","简单","short","权限冻结",0.83
1111,"我对港股通很感兴趣，请问能介绍一下吗？我想知道相关的具体要求和办理流程","投资理财","股票投资","港股通","中等文本","中等","medium","港股通, 办理, 流程",0.97
1112,"股票查询需要什么条件","投资理财","股票投资","股票查询","短文本","简单","short","股票查询, 股票, 查询, 条件",0.85
1113,"请问权限冻结和其他类似服务相比有什么优势？我想做一个详细的了解和对比，看看哪个更适合我的需求","账户服务","权限设置","权限冻结","中等文本","中等","medium","权限冻结",0.95
1114,"我对账户注销很感兴趣，请问能介绍一下吗？我想知道相关的具体要求和办理流程","账户服务","开户注销","账户注销","中等文本","中等","medium","账户注销, 办理, 流程",0.85
1115,"请问临时额度和其他类似服务相比有什么优势？我想做一个详细的了解和对比，看看哪个更适合我的需求","信贷服务","信用卡服务","临时额度","中等文本","中等","medium","临时额度, 额度",0.82
1116,"我想了解风险测评的相关信息","风险合规","风险评估","风险测评","短文本","简单","short","风险测评, 风险",0.80
1117,"请问风险等级怎么操作","风险合规","风险评估","风险等级","短文本","简单","short","风险等级, 风险",0.81
1118,"跨境汇款的具体流程是什么","交易服务","转账汇款","跨境汇款","短文本","简单","short","跨境汇款, 流程",0.86
1119,"短信验证需要什么条件","账户服务","安全验证","短信验证","短文本","简单","short","短信验证, 条件",0.95
1120,"请问产品优缺点和其他类似服务相比有什么优势？我想做一个详细的了解和对比，看看哪个更适合我的需求","产品咨询","产品对比","产品优缺点","中等文本","中等","medium","产品优缺点",0.95
1121,"大额交易需要申报吗","风险合规","合规咨询","反洗钱","短文本","简单","short","反洗钱",0.86
1122,"请问货币基金怎么操作","投资理财","基金投资","货币基金","短文本","简单","short","货币基金, 基金",0.98
1123,"请问美股交易怎么操作","投资理财","股票投资","美股交易","短文本","简单","short","美股交易",0.97
1124,"请问预期收益型怎么操作","投资理财","理财产品","预期收益型","短文本","简单","short","预期收益型, 收益",0.99
1125,"我想了解货币基金的相关信息","投资理财","基金投资","货币基金","短文本","简单","short","货币基金, 基金",0.92
1126,"我想了解贷款审批的相关信息","信贷服务","企业贷款","贷款审批","短文本","简单","short","贷款审批, 贷款",0.85
1127,"请问风险测评和其他类似服务相比有什么优势？我想做一个详细的了解和对比，看看哪个更适合我的需求","风险合规","风险评估","风险测评","中等文本","简单","medium","风险测评, 风险",0.89
1128,"请问低风险产品怎么操作","产品咨询","产品推荐","低风险产品","短文本","简单","short","低风险产品, 风险",0.90
1129,"我对历史收益查询很感兴趣，请问能介绍一下吗？我想知道相关的具体要求和办理流程","产品咨询","收益计算","历史收益查询","中等文本","中等","medium","历史收益查询, 收益, 查询, 办理, 流程",0.90
1130,"我的信用卡额度是1万，用了半年了，每次都按时还款，请问能提升到多少额度？需要什么条件","信贷服务","信用卡服务","额度提升","中等文本","中等","medium","额度提升, 额度, 信用卡, 条件",0.93
1131,"交易权限需要什么条件","账户服务","权限设置","交易权限","短文本","简单","short","交易权限, 条件",0.99
1132,"请问临时额度和其他类似服务相比有什么优势？我想做一个详细的了解和对比，看看哪个更适合我的需求","信贷服务","信用卡服务","临时额度","中等文本","中等","medium","临时额度, 额度",0.98
1133,"请问大额存单怎么操作","投资理财","理财产品","大额存单","短文本","简单","short","大额存单",0.97
1134,"请问货币基金和其他类似服务相比有什么优势？我想做一个详细的了解和对比，看看哪个更适合我的需求","投资理财","基金投资","货币基金","中等文本","简单","medium","货币基金, 基金",0.81
1135,"自动缴费需要什么条件","交易服务","代扣代缴","自动缴费","短文本","简单","short","自动缴费, 缴费, 条件",0.88
1136,"请问授信管理怎么操作","信贷服务","额度管理","授信管理","短文本","简单","short","授信管理",0.89
1137,"请问大额存单怎么操作","投资理财","理财产品","大额存单","短文本","简单","short","大额存单",0.87
1138,"美股交易的具体流程是什么","投资理财","股票投资","美股交易","短文本","简单","short","美股交易, 流程",0.82
1139,"手续费的具体流程是什么","产品咨询","费用说明","手续费","短文本","简单","short","手续费, 流程",0.84
1140,"贸易融资的具体流程是什么","信贷服务","企业贷款","贸易融资","短文本","简单","short","贸易融资, 流程",0.91
1141,"请问固定资产贷款怎么操作","信贷服务","企业贷款","固定资产贷款","短文本","简单","short","固定资产贷款, 贷款",0.92
1142,"信用卡激活期限是多久","信贷服务","信用卡服务","信用卡激活","短文本","简单","short","信用卡激活, 信用卡",0.92
1143,"我对担保方式很感兴趣，请问能介绍一下吗？我想知道相关的具体要求和办理流程","信贷服务","额度管理","担保方式","中等文本","简单","medium","担保方式, 办理, 流程",0.88
1144,"跨境汇款需要什么条件","交易服务","转账汇款","跨境汇款","短文本","简单","short","跨境汇款, 条件",0.98
1145,"请问风险提示书怎么操作","风险合规","信息披露","风险提示书","短文本","简单","short","风险提示书, 风险",0.96
1146,"请问持仓分析和其他类似服务相比有什么优势？我想做一个详细的了解和对比，看看哪个更适合我的需求","投资理财","股票投资","持仓分析","中等文本","简单","medium","持仓分析",0.82
1147,"投资组合的具体流程是什么","投资理财","资产配置","投资组合","短文本","简单","short","投资组合, 流程",0.98
1148,"怎么交水电费","交易服务","支付缴费","水电煤缴费","短文本","简单","short","水电煤缴费",0.86
1149,"信用贷需要什么条件","信贷服务","个人贷款","信用贷","短文本","简单","short","信用贷, 条件",0.82
1150,"我想在你们银行开个人账户，请问需要带什么证件？开户需要多长时间？","账户服务","开户注销","个人开户","中等文本","中等","medium","个人开户, 开户",0.97
1151,"我的风险评估结果是稳健型，请问可以买哪些理财产品？能不能买R3风险等级的产品","投资理财","资产配置","风险评估","中等文本","简单","medium","风险评估, 风险, 理财",0.97
1152,"风险评估有效期多久","投资理财","资产配置","风险评估","短文本","简单","short","风险评估, 风险",1.00
1153,"请问贷款审批怎么操作","信贷服务","企业贷款","贷款审批","短文本","简单","short","贷款审批, 贷款",0.95
1154,"跨行转账手续费怎么收","交易服务","转账汇款","跨行转账","短文本","简单","short","跨行转账, 转账, 手续费",0.84
1155,"我想了解交易明细的相关信息","交易服务","交易查询","交易明细","短文本","简单","short","交易明细",0.84
1156,"请问新股申购怎么操作","投资理财","股票投资","新股申购","短文本","简单","short","新股申购",0.83
1157,"请问投资组合和其他类似服务相比有什么优势？我想做一个详细的了解和对比，看看哪个更适合我的需求","投资理财","资产配置","投资组合","中等文本","中等","medium","投资组合",0.97
1158,"我想了解A股交易的相关信息","投资理财","股票投资","A股交易","短文本","简单","short","A股交易",0.85
1159,"人寿保险需要什么条件","投资理财","保险规划","人寿保险","短文本","简单","short","人寿保险, 保险, 条件",0.89
1160,"什么是指数基金","投资理财","基金投资","指数基金","短文本","简单","short","指数基金, 基金",0.85
1161,"税费缴纳需要什么条件","交易服务","支付缴费","税费缴纳","短文本","简单","short","税费缴纳, 条件",0.94
1162,"我对健康保险很感兴趣，请问能介绍一下吗？我想知道相关的具体要求和办理流程","投资理财","保险规划","健康保险","中等文本","简单","medium","健康保险, 保险, 办理, 流程",0.84
1163,"基金转换的具体流程是什么","投资理财","基金投资","基金转换","短文本","简单","short","基金转换, 基金, 流程",0.81
1164,"经营贷的具体流程是什么","信贷服务","个人贷款","经营贷","短文本","简单","short","经营贷, 流程",0.92
1165,"请问信息披露查询和其他类似服务相比有什么优势？我想做一个详细的了解和对比，看看哪个更适合我的需求","风险合规","信息披露","信息披露查询","中等文本","中等","medium","信息披露查询, 查询",0.85
1166,"我想了解风险提示的相关信息","风险合规","风险评估","风险提示","短文本","简单","short","风险提示, 风险",0.98
1167,"支付密码的具体流程是什么","账户服务","密码管理","支付密码","短文本","简单","short","支付密码, 密码, 流程",0.94
1168,"管理费需要什么条件","产品咨询","费用说明","管理费","短文本","简单","short","管理费, 条件",0.95
1169,"我想了解临时额度的相关信息","信贷服务","信用卡服务","临时额度","短文本","简单","short","临时额度, 额度",0.97
1170,"我对基金赎回很感兴趣，请问能介绍一下吗？我想知道相关的具体要求和办理流程","投资理财","基金投资","基金赎回","中等文本","中等","medium","基金赎回, 基金, 办理, 流程",0.91
1171,"我想了解贷款审批的相关信息","信贷服务","企业贷款","贷款审批","短文本","简单","short","贷款审批, 贷款",0.85
1172,"手续费的具体流程是什么","产品咨询","费用说明","手续费","短文本","简单","short","手续费, 流程",0.87
1173,"风险等级对比的具体流程是什么","产品咨询","产品对比","风险等级对比","短文本","简单","short","风险等级对比, 风险, 流程",0.85
1174,"货币基金需要什么条件","投资理财","基金投资","货币基金","短文本","简单","short","货币基金, 基金, 条件",0.95
1175,"请问额度调整怎么操作","信贷服务","额度管理","额度调整","短文本","简单","short","额度调整, 额度",0.93
1176,"费用对比的具体流程是什么","产品咨询","产品对比","费用对比","短文本","简单","short","费用对比, 流程",0.85
1177,"我对额度查询很感兴趣，请问能介绍一下吗？我想知道相关的具体要求和办理流程","信贷服务","额度管理","额度查询","中等文本","中等","medium","额度查询, 额度, 查询, 办理, 流程",0.89
1178,"我对预期收益很感兴趣，请问能介绍一下吗？我想知道相关的具体要求和办理流程","产品咨询","收益计算","预期收益","中等文本","简单","medium","预期收益, 收益, 办理, 流程",0.95
1179,"我想了解流动资金贷款的相关信息","信贷服务","企业贷款","流动资金贷款","短文本","简单","short","流动资金贷款, 贷款",0.85
1180,"电子回单的具体流程是什么","交易服务","交易查询","电子回单","短文本","简单","short","电子回单, 流程",0.86
1181,"请问支付密码怎么操作","账户服务","密码管理","支付密码","短文本","简单","short","支付密码, 密码",0.96
1182,"请问净值型理财怎么操作","投资理财","理财产品","净值型理财","短文本","简单","short","净值型理财, 理财",0.99
1183,"基金赎回的具体流程是什么","投资理财","基金投资","基金赎回","短文本","简单","short","基金赎回, 基金, 流程",0.88
1184,"收到信用卡后要做什么","信贷服务","信用卡服务","信用卡激活","短文本","简单","short","信用卡激活, 信用卡",0.90
1185,"我对新股申购很感兴趣，请问能介绍一下吗？我想知道相关的具体要求和办理流程","投资理财","股票投资","新股申购","中等文本","中等","medium","新股申购, 办理, 流程",0.83
1186,"办卡申请的具体流程是什么","信贷服务","信用卡服务","办卡申请","短文本","简单","short","办卡申请, 申请, 流程",0.96
1187,"请问稳健型产品怎么操作","产品咨询","产品推荐","稳健型产品","短文本","简单","short","稳健型产品",0.95
1188,"额度调整的具体流程是什么","信贷服务","额度管理","额度调整","短文本","简单","short","额度调整, 额度, 流程",0.87
1189,"身份识别的具体流程是什么","风险合规","合规咨询","身份识别","短文本","简单","short","身份识别, 流程",0.97
1190,"结构性存款的具体流程是什么","投资理财","理财产品","结构性存款","短文本","简单","short","结构性存款, 存款, 流程",0.92
1191,"我想了解港股通的相关信息","投资理财","股票投资","港股通","短文本","简单","short","港股通",0.86
1192,"请问经营贷怎么操作","信贷服务","个人贷款","经营贷","短文本","简单","short","经营贷",0.96
1193,"请问电子回单怎么操作","交易服务","交易查询","电子回单","短文本","简单","short","电子回单",0.94
1194,"我想了解基金转换的相关信息","投资理财","基金投资","基金转换","短文本","简单","short","基金转换, 基金",0.98
1195,"银行理财的具体流程是什么","投资理财","理财产品","银行理财","短文本","简单","short","银行理财, 理财, 流程",0.85
1196,"我想了解合规要求的相关信息","风险合规","合规咨询","合规要求","短文本","简单","short","合规要求",0.85
1197,"我的信用卡额度是1万，用了半年了，每次都按时还款，请问能提升到多少额度？需要什么条件","信贷服务","信用卡服务","额度提升","中等文本","简单","medium","额度提升, 额度, 信用卡, 条件",0.87
1198,"我对代扣查询很感兴趣，请问能介绍一下吗？我想知道相关的具体要求和办理流程","交易服务","代扣代缴","代扣查询","中等文本","简单","medium","代扣查询, 查询, 办理, 流程",0.87
1199,"授信管理的具体流程是什么","信贷服务","额度管理","授信管理","短文本","简单","short","授信管理, 流程",0.92
1200,"请问风险测评怎么操作","风险合规","风险评估","风险测评","短文本","简单","short","风险测评, 风险",0.82
1201,"实时转账需要什么条件","交易服务","转账汇款","实时转账","短文本","简单","short","实时转账, 转账, 条件",0.98
1202,"请问监管政策怎么操作","风险合规","合规咨询","监管政策","短文本","简单","short","监管政策",1.00
1203,"请问税费缴纳和其他类似服务相比有什么优势？我想做一个详细的了解和对比，看看哪个更适合我的需求","交易服务","支付缴费","税费缴纳","中等文本","中等","medium","税费缴纳",0.98
1204,"请问A股交易怎么操作","投资理财","股票投资","A股交易","短文本","简单","short","A股交易",0.96
1205,"请问对账单和其他类似服务相比有什么优势？我想做一个详细的了解和对比，看看哪个更适合我的需求","交易服务","交易查询","对账单","中等文本","中等","medium","对账单",0.95
1206,"我对账单分期很感兴趣，请问能介绍一下吗？我想知道相关的具体要求和办理流程","信贷服务","信用卡服务","账单分期","中等文本","中等","medium","账单分期, 办理, 流程",0.87
1207,"我想了解对账单的相关信息","交易服务","交易查询","对账单","短文本","简单","short","对账单",0.85
1208,"登录密码忘了怎么办","账户服务","密码管理","登录密码","短文本","简单","short","登录密码, 密码",0.97
1209,"请问资产配置建议怎么操作","投资理财","资产配置","资产配置建议","短文本","简单","short","资产配置建议",0.87
1210,"我想了解身份识别的相关信息","风险合规","合规咨询","身份识别","短文本","简单","short","身份识别",0.91
1211,"我想装修房子需要30万，请问消费贷的申请流程是什么？需要提供哪些材料？大概多久能批下来","信贷服务","个人贷款","消费贷","中等文本","简单","medium","消费贷, 申请, 流程, 材料",0.98
1212,"风险评估怎么做","投资理财","资产配置","风险评估","短文本","简单","short","风险评估, 风险",0.82
1213,"请问经营贷和其他类似服务相比有什么优势？我想做一个详细的了解和对比，看看哪个更适合我的需求","信贷服务","个人贷款","经营贷","中等文本","简单","medium","经营贷",0.83
1214,"预约转账的具体流程是什么","交易服务","转账汇款","预约转账","短文本","简单","short","预约转账, 转账, 流程",0.98
1215,"请问新股申购和其他类似服务相比有什么优势？我想做一个详细的了解和对比，看看哪个更适合我的需求","投资理财","股票投资","新股申购","中等文本","中等","medium","新股申购",0.91
1216,"我想了解人寿保险的相关信息","投资理财","保险规划","人寿保险","短文本","简单","short","人寿保险, 保险",0.84
1217,"我想了解大额存单的相关信息","投资理财","理财产品","大额存单","短文本","简单","short","大额存单",0.81
1218,"担保方式的具体流程是什么","信贷服务","额度管理","担保方式","短文本","简单","short","担保方式, 流程",0.92
1219,"请问基金转换怎么操作","投资理财","基金投资","基金转换","短文本","简单","short","基金转换, 基金",0.93
1220,"我对实时转账很感兴趣，请问能介绍一下吗？我想知道相关的具体要求和办理流程","交易服务","转账汇款","实时转账","中等文本","简单","medium","实时转账, 转账, 办理, 流程",0.86
1221,"我想了解预期收益型的相关信息","投资理财","理财产品","预期收益型","短文本","简单","short","预期收益型, 收益",0.97
1222,"承受能力的具体流程是什么","风险合规","风险评估","承受能力","短文本","简单","short","承受能力, 流程",0.98
1223,"港股通需要什么条件","投资理财","股票投资","港股通","短文本","简单","short","港股通, 条件",0.93
1224,"信用卡提额被拒怎么办","信贷服务","信用卡服务","额度提升","短文本","简单","short","额度提升, 信用卡",0.87
1225,"请问额度调整和其他类似服务相比有什么优势？我想做一个详细的了解和对比，看看哪个更适合我的需求","信贷服务","额度管理","额度调整","中等文本","中等","medium","额度调整, 额度",1.00
1226,"我想了解意外险的相关信息","投资理财","保险规划","意外险","短文本","简单","short","意外险",0.98
1227,"请问交易记录怎么操作","交易服务","交易查询","交易记录","短文本","简单","short","交易记录",0.98
1228,"我对费用对比很感兴趣，请问能介绍一下吗？我想知道相关的具体要求和办理流程","产品咨询","产品对比","费用对比","中等文本","中等","medium","费用对比, 办理, 流程",0.87
1229,"请问人寿保险怎么操作","投资理财","保险规划","人寿保险","短文本","简单","short","人寿保险, 保险",0.81
1230,"请问交易记录怎么操作","交易服务","交易查询","交易记录","短文本","简单","short","交易记录",1.00
1231,"我对车险很感兴趣，请问能介绍一下吗？我想知道相关的具体要求和办理流程","投资理财","保险规划","车险","中等文本","中等","medium","车险, 办理, 流程",0.81
1232,"怎么设置自动缴费","交易服务","支付缴费","水电煤缴费","短文本","简单","short","水电煤缴费, 缴费",0.87
1233,"请问监管政策怎么操作","风险合规","合规咨询","监管政策","短文本","简单","short","监管政策",0.87
1234,"请问预期收益型怎么操作","投资理财","理财产品","预期收益型","短文本","简单","short","预期收益型, 收益",0.82
1235,"车险的具体流程是什么","投资理财","保险规划","车险","短文本","简单","short","车险, 流程",0.83
1236,"基金赎回的具体流程是什么","投资理财","基金投资","基金赎回","短文本","简单","short","基金赎回, 基金, 流程",0.84
1237,"请问预期收益怎么操作","产品咨询","收益计算","预期收益","短文本","简单","short","预期收益, 收益",0.97
1238,"请问基金转换和其他类似服务相比有什么优势？我想做一个详细的了解和对比，看看哪个更适合我的需求","投资理财","基金投资","基金转换","中等文本","中等","medium","基金转换, 基金",0.85
1239,"请问基金转换怎么操作","投资理财","基金投资","基金转换","短文本","简单","short","基金转换, 基金",0.81
1240,"贷款计算需要什么条件","信贷服务","个人贷款","贷款计算","短文本","简单","short","贷款计算, 贷款, 条件",0.81
1241,"我对美股交易很感兴趣，请问能介绍一下吗？我想知道相关的具体要求和办理流程","投资理财","股票投资","美股交易","中等文本","中等","medium","美股交易, 办理, 流程",0.82
1242,"我想了解基金赎回的相关信息","投资理财","基金投资","基金赎回","短文本","简单","short","基金赎回, 基金",0.84
1243,"委托授权的具体流程是什么","账户服务","权限设置","委托授权","短文本","简单","short","委托授权, 流程",0.91
1244,"历史收益查询需要什么条件","产品咨询","收益计算","历史收益查询","短文本","简单","short","历史收益查询, 收益, 查询, 条件",0.98
1245,"贷款审批的具体流程是什么","信贷服务","企业贷款","贷款审批","短文本","简单","short","贷款审批, 贷款, 流程",0.90
1246,"费用对比需要什么条件","产品咨询","产品对比","费用对比","短文本","简单","short","费用对比, 条件",0.98
1247,"请问健康保险怎么操作","投资理财","保险规划","健康保险","短文本","简单","short","健康保险, 保险",0.95
1248,"我对热门产品很感兴趣，请问能介绍一下吗？我想知道相关的具体要求和办理流程","产品咨询","产品推荐","热门产品","中等文本","简单","medium","热门产品, 办理, 流程",0.96
1249,"请问委托授权怎么操作","账户服务","权限设置","委托授权","短文本","简单","short","委托授权",0.92
1250,"密码找回的具体流程是什么","账户服务","密码管理","密码找回","短文本","简单","short","密码找回, 密码, 流程",0.99
1251,"请问保险理赔怎么操作","投资理财","保险规划","保险理赔","短文本","简单","short","保险理赔, 保险",0.95
1252,"我想了解大额存单的相关信息","投资理财","理财产品","大额存单","短文本","简单","short","大额存单",0.98
1253,"我想了解盾卡管理的相关信息","账户服务","安全验证","盾卡管理","短文本","简单","short","盾卡管理",0.81
1254,"请问密码重置怎么操作","账户服务","密码管理","密码重置","短文本","简单","short","密码重置, 密码",0.96
1255,"我的风险评估结果是稳健型，请问可以买哪些理财产品？能不能买R3风险等级的产品","投资理财","资产配置","风险评估","中等文本","简单","medium","风险评估, 风险, 理财",0.89
1256,"我对交通罚款很感兴趣，请问能介绍一下吗？我想知道相关的具体要求和办理流程","交易服务","支付缴费","交通罚款","中等文本","简单","medium","交通罚款, 办理, 流程",0.85
1257,"请问历史收益查询怎么操作","产品咨询","收益计算","历史收益查询","短文本","简单","short","历史收益查询, 收益, 查询",0.86
1258,"请问货币基金和其他类似服务相比有什么优势？我想做一个详细的了解和对比，看看哪个更适合我的需求","投资理财","基金投资","货币基金","中等文本","中等","medium","货币基金, 基金",0.87
1259,"请问财产保险和其他类似服务相比有什么优势？我想做一个详细的了解和对比，看看哪个更适合我的需求","投资理财","保险规划","财产保险","中等文本","中等","medium","财产保险, 保险",0.95
1260,"我对跨境汇款很感兴趣，请问能介绍一下吗？我想知道相关的具体要求和办理流程","交易服务","转账汇款","跨境汇款","中等文本","中等","medium","跨境汇款, 办理, 流程",0.82
1261,"我想投资指数基金，请问沪深300指数基金和上证50指数基金哪个更适合长期持有？","投资理财","基金投资","指数基金","中等文本","中等","medium","指数基金, 基金",0.94
1262,"我对结构性存款很感兴趣，请问能介绍一下吗？我想知道相关的具体要求和办理流程","投资理财","理财产品","结构性存款","中等文本","简单","medium","结构性存款, 存款, 办理, 流程",0.89
1263,"我想了解信用贷的相关信息","信贷服务","个人贷款","信用贷","短文本","简单","short","信用贷",0.83
1264,"我想了解临时额度的相关信息","信贷服务","信用卡服务","临时额度","短文本","简单","short","临时额度, 额度",0.94
1265,"赎回费需要什么条件","产品咨询","费用说明","赎回费","短文本","简单","short","赎回费, 条件",0.81
1266,"风险测评需要什么条件","风险合规","风险评估","风险测评","短文本","简单","short","风险测评, 风险, 条件",0.89
1267,"港股通的具体流程是什么","投资理财","股票投资","港股通","短文本","简单","short","港股通, 流程",0.82
1268,"我对交易权限很感兴趣，请问能介绍一下吗？我想知道相关的具体要求和办理流程","账户服务","权限设置","交易权限","中等文本","中等","medium","交易权限, 办理, 流程",0.80
1269,"反洗钱审核要多久","风险合规","合规咨询","反洗钱","短文本","简单","short","反洗钱",0.99
1270,"请问产品说明书怎么操作","风险合规","信息披露","产品说明书","短文本","简单","short","产品说明书",0.89
1271,"请问休眠账户激活和其他类似服务相比有什么优势？我想做一个详细的了解和对比，看看哪个更适合我的需求","账户服务","开户注销","休眠账户激活","中等文本","简单","medium","休眠账户激活",0.87
1272,"请问权限冻结怎么操作","账户服务","权限设置","权限冻结","短文本","简单","short","权限冻结",0.85
1273,"基金定投 SMART 定投和普通定投有什么区别？我在什么情况下应该使用智能定投策略？","投资理财","基金投资","基金定投","中等文本","简单","medium","基金定投, 基金",0.90
1274,"请问赎回费怎么操作","产品咨询","费用说明","赎回费","短文本","简单","short","赎回费",0.93
1275,"额度查询的具体流程是什么","信贷服务","额度管理","额度查询","短文本","简单","short","额度查询, 额度, 查询, 流程",0.87
1276,"A股交易的具体流程是什么","投资理财","股票投资","A股交易","短文本","简单","short","A股交易, 流程",0.83
1277,"授信管理需要什么条件","信贷服务","额度管理","授信管理","短文本","简单","short","授信管理, 条件",0.94
1278,"实时转账需要什么条件","交易服务","转账汇款","实时转账","短文本","简单","short","实时转账, 转账, 条件",0.95
1279,"请问基金转换怎么操作","投资理财","基金投资","基金转换","短文本","简单","short","基金转换, 基金",0.98
1280,"我对服务费很感兴趣，请问能介绍一下吗？我想知道相关的具体要求和办理流程","产品咨询","费用说明","服务费","中等文本","中等","medium","服务费, 办理, 流程",0.88
1281,"我想了解人脸识别的相关信息","账户服务","安全验证","人脸识别","短文本","简单","short","人脸识别",0.91
1282,"手续费需要什么条件","产品咨询","费用说明","手续费","短文本","简单","short","手续费, 条件",0.90
1283,"我对合规要求很感兴趣，请问能介绍一下吗？我想知道相关的具体要求和办理流程","风险合规","合规咨询","合规要求","中等文本","简单","medium","合规要求, 办理, 流程",0.94
1284,"请问担保方式怎么操作","信贷服务","额度管理","担保方式","短文本","简单","short","担保方式",0.81
1285,"财产保险的具体流程是什么","投资理财","保险规划","财产保险","短文本","简单","short","财产保险, 保险, 流程",0.86
1286,"请问跨境汇款和其他类似服务相比有什么优势？我想做一个详细的了解和对比，看看哪个更适合我的需求","交易服务","转账汇款","跨境汇款","中等文本","简单","medium","跨境汇款",0.81
1287,"交易记录需要什么条件","交易服务","交易查询","交易记录","短文本","简单","short","交易记录, 条件",0.99
1288,"货币基金的具体流程是什么","投资理财","基金投资","货币基金","短文本","简单","short","货币基金, 基金, 流程",0.98
1289,"我想了解历史收益查询的相关信息","产品咨询","收益计算","历史收益查询","短文本","简单","short","历史收益查询, 收益, 查询",0.89
1290,"我想了解支付密码的相关信息","账户服务","密码管理","支付密码","短文本","简单","short","支付密码, 密码",0.95
1291,"我对基金赎回很感兴趣，请问能介绍一下吗？我想知道相关的具体要求和办理流程","投资理财","基金投资","基金赎回","中等文本","中等","medium","基金赎回, 基金, 办理, 流程",0.93
1292,"请问代扣设置怎么操作","交易服务","代扣代缴","代扣设置","短文本","简单","short","代扣设置",0.90
1293,"基金转换需要什么条件","投资理财","基金投资","基金转换","短文本","简单","short","基金转换, 基金, 条件",0.99
1294,"请问费用对比和其他类似服务相比有什么优势？我想做一个详细的了解和对比，看看哪个更适合我的需求","产品咨询","产品对比","费用对比","中等文本","中等","medium","费用对比",0.92
1295,"我对休眠账户激活很感兴趣，请问能介绍一下吗？我想知道相关的具体要求和办理流程","账户服务","开户注销","休眠账户激活","中等文本","简单","medium","休眠账户激活, 办理, 流程",0.91
1296,"代扣查询的具体流程是什么","交易服务","代扣代缴","代扣查询","短文本","简单","short","代扣查询, 查询, 流程",0.91
1297,"请问人寿保险怎么操作","投资理财","保险规划","人寿保险","短文本","简单","short","人寿保险, 保险",0.82
1298,"盾卡管理的具体流程是什么","账户服务","安全验证","盾卡管理","短文本","简单","short","盾卡管理, 流程",0.90
1299,"我想买一套房子，贷款200万，30年还清，请问等额本息和等额本金哪种还款方式更划算？","信贷服务","个人贷款","房贷","中等文本","简单","medium","房贷, 贷款",0.91
1300,"我对货币基金很感兴趣，请问能介绍一下吗？我想知道相关的具体要求和办理流程","投资理财","基金投资","货币基金","中等文本","中等","medium","货币基金, 基金, 办理, 流程",0.93
1301,"服务费的具体流程是什么","产品咨询","费用说明","服务费","短文本","简单","short","服务费, 流程",0.80
1302,"请问风险提示怎么操作","风险合规","风险评估","风险提示","短文本","简单","short","风险提示, 风险",0.84
1303,"我想了解产品公告的相关信息","风险合规","信息披露","产品公告","短文本","简单","short","产品公告",0.96
1304,"稳健型产品需要什么条件","产品咨询","产品推荐","稳健型产品","短文本","简单","short","稳健型产品, 条件",0.80
1305,"开户时要做反洗钱身份识别，请问需要提供什么信息？为什么还要问我的职业和年收入","风险合规","合规咨询","反洗钱","中等文本","中等","medium","反洗钱, 开户",0.97
1306,"我想了解预期收益的相关信息","产品咨询","收益计算","预期收益","短文本","简单","short","预期收益, 收益",0.85
1307,"授信管理的具体流程是什么","信贷服务","额度管理","授信管理","短文本","简单","short","授信管理, 流程",0.80
1308,"我对承受能力很感兴趣，请问能介绍一下吗？我想知道相关的具体要求和办理流程","风险合规","风险评估","承受能力","中等文本","简单","medium","承受能力, 办理, 流程",0.83
1309,"交易记录需要什么条件","交易服务","交易查询","交易记录","短文本","简单","short","交易记录, 条件",0.99
1310,"我对账单分期很感兴趣，请问能介绍一下吗？我想知道相关的具体要求和办理流程","信贷服务","信用卡服务","账单分期","中等文本","中等","medium","账单分期, 办理, 流程",0.96
1311,"请问风险测评怎么操作","风险合规","风险评估","风险测评","短文本","简单","short","风险测评, 风险",0.94
1312,"请问盾卡管理和其他类似服务相比有什么优势？我想做一个详细的了解和对比，看看哪个更适合我的需求","账户服务","安全验证","盾卡管理","中等文本","简单","medium","盾卡管理",0.81
1313,"请问承受能力和其他类似服务相比有什么优势？我想做一个详细的了解和对比，看看哪个更适合我的需求","风险合规","风险评估","承受能力","中等文本","简单","medium","承受能力",0.89
1314,"请问人寿保险怎么操作","投资理财","保险规划","人寿保险","短文本","简单","short","人寿保险, 保险",0.88
1315,"我需要转账到工商银行，请问多久能到账？手续费怎么计算？","交易服务","转账汇款","跨行转账","短文本","简单","short","跨行转账, 转账, 手续费",0.83
1316,"基金赎回需要什么条件","投资理财","基金投资","基金赎回","短文本","简单","short","基金赎回, 基金, 条件",0.80
1317,"风险提示需要什么条件","风险合规","风险评估","风险提示","短文本","简单","short","风险提示, 风险, 条件",0.91
1318,"请问实名认证怎么操作","账户服务","安全验证","实名认证","短文本","简单","short","实名认证",0.82
1319,"请问流动资金贷款和其他类似服务相比有什么优势？我想做一个详细的了解和对比，看看哪个更适合我的需求","信贷服务","企业贷款","流动资金贷款","中等文本","简单","medium","流动资金贷款, 贷款",0.89
1320,"我想了解定期调整的相关信息","投资理财","资产配置","定期调整","短文本","简单","short","定期调整",0.97
1321,"我想了解抵押贷的相关信息","信贷服务","个人贷款","抵押贷","短文本","简单","short","抵押贷",0.83
1322,"请问权限冻结和其他类似服务相比有什么优势？我想做一个详细的了解和对比，看看哪个更适合我的需求","账户服务","权限设置","权限冻结","中等文本","中等","medium","权限冻结",0.97
1323,"首套房和二套房的房贷利率差多少？我现在有一套房还在贷款中，想再买一套的话首付比例和利率分别是多少","信贷服务","个人贷款","房贷","中等文本","中等","medium","房贷, 利率, 贷款",0.94
1324,"请问赎回费和其他类似服务相比有什么优势？我想做一个详细的了解和对比，看看哪个更适合我的需求","产品咨询","费用说明","赎回费","中等文本","简单","medium","赎回费",0.85
1325,"我对委托授权很感兴趣，请问能介绍一下吗？我想知道相关的具体要求和办理流程","账户服务","权限设置","委托授权","中等文本","简单","medium","委托授权, 办理, 流程",0.93
1326,"我想了解预期收益的相关信息","产品咨询","收益计算","预期收益","短文本","简单","short","预期收益, 收益",0.82
1327,"请问预期收益怎么操作","产品咨询","收益计算","预期收益","短文本","简单","short","预期收益, 收益",0.96
1328,"我对监管政策很感兴趣，请问能介绍一下吗？我想知道相关的具体要求和办理流程","风险合规","合规咨询","监管政策","中等文本","中等","medium","监管政策, 办理, 流程",0.85
1329,"手机银行能充值吗","交易服务","支付缴费","手机充值","短文本","简单","short","手机充值",0.94
1330,"我对产品优缺点很感兴趣，请问能介绍一下吗？我想知道相关的具体要求和办理流程","产品咨询","产品对比","产品优缺点","中等文本","中等","medium","产品优缺点, 办理, 流程",0.82
1331,"请问健康保险和其他类似服务相比有什么优势？我想做一个详细的了解和对比，看看哪个更适合我的需求","投资理财","保险规划","健康保险","中等文本","简单","medium","健康保险, 保险",0.95
1332,"请问人脸识别和其他类似服务相比有什么优势？我想做一个详细的了解和对比，看看哪个更适合我的需求","账户服务","安全验证","人脸识别","中等文本","中等","medium","人脸识别",0.90
1333,"经营贷需要什么条件","信贷服务","个人贷款","经营贷","短文本","简单","short","经营贷, 条件",0.99
1334,"请问休眠账户激活怎么操作","账户服务","开户注销","休眠账户激活","短文本","简单","short","休眠账户激活",0.96
1335,"我对交易记录很感兴趣，请问能介绍一下吗？我想知道相关的具体要求和办理流程","交易服务","交易查询","交易记录","中等文本","中等","medium","交易记录, 办理, 流程",0.93
1336,"预期收益型的具体流程是什么","投资理财","理财产品","预期收益型","短文本","简单","short","预期收益型, 收益, 流程",0.87
1337,"请问风险提示书和其他类似服务相比有什么优势？我想做一个详细的了解和对比，看看哪个更适合我的需求","风险合规","信息披露","风险提示书","中等文本","中等","medium","风险提示书, 风险",0.85
1338,"经营贷需要什么条件","信贷服务","个人贷款","经营贷","短文本","简单","short","经营贷, 条件",0.89
1339,"请问代扣取消和其他类似服务相比有什么优势？我想做一个详细的了解和对比，看看哪个更适合我的需求","交易服务","代扣代缴","代扣取消","中等文本","中等","medium","代扣取消",0.85
1340,"请问管理费和其他类似服务相比有什么优势？我想做一个详细的了解和对比，看看哪个更适合我的需求","产品咨询","费用说明","管理费","中等文本","简单","medium","管理费",0.92
1341,"我想了解产品公告的相关信息","风险合规","信息披露","产品公告","短文本","简单","short","产品公告",0.97
1342,"我对流动资金贷款很感兴趣，请问能介绍一下吗？我想知道相关的具体要求和办理流程","信贷服务","企业贷款","流动资金贷款","中等文本","中等","medium","流动资金贷款, 贷款, 办理, 流程",0.88
1343,"请问固定资产贷款怎么操作","信贷服务","企业贷款","固定资产贷款","短文本","简单","short","固定资产贷款, 贷款",0.83
1344,"赎回费需要什么条件","产品咨询","费用说明","赎回费","短文本","简单","short","赎回费, 条件",0.84
1345,"请问资产配置建议和其他类似服务相比有什么优势？我想做一个详细的了解和对比，看看哪个更适合我的需求","投资理财","资产配置","资产配置建议","中等文本","简单","medium","资产配置建议",0.96
1346,"美股交易的具体流程是什么","投资理财","股票投资","美股交易","短文本","简单","short","美股交易, 流程",0.94
1347,"预期收益的具体流程是什么","产品咨询","收益计算","预期收益","短文本","简单","short","预期收益, 收益, 流程",0.91
1348,"信息披露查询的具体流程是什么","风险合规","信息披露","信息披露查询","短文本","简单","short","信息披露查询, 查询, 流程",0.80
1349,"请问交易权限怎么操作","账户服务","权限设置","交易权限","短文本","简单","short","交易权限",1.00
1350,"固定资产贷款的具体流程是什么","信贷服务","企业贷款","固定资产贷款","短文本","简单","short","固定资产贷款, 贷款, 流程",0.82
1351,"代扣取消需要什么条件","交易服务","代扣代缴","代扣取消","短文本","简单","short","代扣取消, 条件",0.97
1352,"请问临时额度怎么操作","信贷服务","信用卡服务","临时额度","短文本","简单","short","临时额度, 额度",0.89
1353,"我想了解服务费的相关信息","产品咨询","费用说明","服务费","短文本","简单","short","服务费",0.83
1354,"我想在你们银行开个人账户，请问需要带什么证件？开户需要多长时间？","账户服务","开户注销","个人开户","中等文本","中等","medium","个人开户, 开户",0.97
1355,"请问基金赎回和其他类似服务相比有什么优势？我想做一个详细的了解和对比，看看哪个更适合我的需求","投资理财","基金投资","基金赎回","中等文本","简单","medium","基金赎回, 基金",0.90
1356,"贷款审批需要什么条件","信贷服务","企业贷款","贷款审批","短文本","简单","short","贷款审批, 贷款, 条件",0.84
1357,"风险等级对比的具体流程是什么","产品咨询","产品对比","风险等级对比","短文本","简单","short","风险等级对比, 风险, 流程",1.00
1358,"我需要转账到工商银行，请问多久能到账？手续费怎么计算？","交易服务","转账汇款","跨行转账","短文本","简单","short","跨行转账, 转账, 手续费",0.91
1359,"基金定投多少钱合适","投资理财","基金投资","基金定投","短文本","简单","short","基金定投, 基金",0.82
1360,"代扣设置需要什么条件","交易服务","代扣代缴","代扣设置","短文本","简单","short","代扣设置, 条件",0.86
1361,"跨行转账限额是多少","交易服务","转账汇款","跨行转账","短文本","简单","short","跨行转账, 转账",0.82
1362,"我对预期收益很感兴趣，请问能介绍一下吗？我想知道相关的具体要求和办理流程","产品咨询","收益计算","预期收益","中等文本","简单","medium","预期收益, 收益, 办理, 流程",0.84
1363,"请问密码重置怎么操作","账户服务","密码管理","密码重置","短文本","简单","short","密码重置, 密码",0.82
1364,"请问结构性存款和其他类似服务相比有什么优势？我想做一个详细的了解和对比，看看哪个更适合我的需求","投资理财","理财产品","结构性存款","中等文本","中等","medium","结构性存款, 存款",0.85
1365,"话费充值到账时间是多久？刚充了话费还没到账，请问要等多久","交易服务","支付缴费","手机充值","短文本","简单","short","手机充值",0.93
1366,"我对自动缴费很感兴趣，请问能介绍一下吗？我想知道相关的具体要求和办理流程","交易服务","代扣代缴","自动缴费","中等文本","简单","medium","自动缴费, 缴费, 办理, 流程",0.99
1367,"请问低风险产品和其他类似服务相比有什么优势？我想做一个详细的了解和对比，看看哪个更适合我的需求","产品咨询","产品推荐","低风险产品","中等文本","中等","medium","低风险产品, 风险",0.87
1368,"信用卡提额需要什么条件","信贷服务","信用卡服务","额度提升","短文本","简单","short","额度提升, 信用卡, 条件",0.82
1369,"请问风险提示和其他类似服务相比有什么优势？我想做一个详细的了解和对比，看看哪个更适合我的需求","风险合规","风险评估","风险提示","中等文本","简单","medium","风险提示, 风险",0.98
1370,"代扣查询需要什么条件","交易服务","代扣代缴","代扣查询","短文本","简单","short","代扣查询, 查询, 条件",0.99
1371,"请问净值型理财和其他类似服务相比有什么优势？我想做一个详细的了解和对比，看看哪个更适合我的需求","投资理财","理财产品","净值型理财","中等文本","简单","medium","净值型理财, 理财",0.88
1372,"开放式基金怎么买","投资理财","基金投资","开放式基金","短文本","简单","short","开放式基金, 基金",0.99
1373,"实际收益的具体流程是什么","产品咨询","收益计算","实际收益","短文本","简单","short","实际收益, 收益, 流程",0.81
1374,"我想了解合规要求的相关信息","风险合规","合规咨询","合规要求","短文本","简单","short","合规要求",0.96
1375,"申请信用卡提额被拒绝了，请问是是什么原因？我要多久才能再次申请提额","信贷服务","信用卡服务","额度提升","中等文本","中等","medium","额度提升, 信用卡, 申请",0.95
1376,"请问交易权限怎么操作","账户服务","权限设置","交易权限","短文本","简单","short","交易权限",0.99
1377,"我想了解密码重置的相关信息","账户服务","密码管理","密码重置","短文本","简单","short","密码重置, 密码",0.97
1378,"净值型理财的具体流程是什么","投资理财","理财产品","净值型理财","短文本","简单","short","净值型理财, 理财, 流程",0.86
1379,"我对额度查询很感兴趣，请问能介绍一下吗？我想知道相关的具体要求和办理流程","信贷服务","额度管理","额度查询","中等文本","简单","medium","额度查询, 额度, 查询, 办理, 流程",0.85
1380,"手续费的具体流程是什么","产品咨询","费用说明","手续费","短文本","简单","short","手续费, 流程",0.92
1381,"请问稳健型产品和其他类似服务相比有什么优势？我想做一个详细的了解和对比，看看哪个更适合我的需求","产品咨询","产品推荐","稳健型产品","中等文本","简单","medium","稳健型产品",0.91
1382,"房贷怎么申请","信贷服务","个人贷款","房贷","短文本","简单","short","房贷, 申请",0.98
1383,"请问账单分期怎么操作","信贷服务","信用卡服务","账单分期","短文本","简单","short","账单分期",0.98
1384,"抵押贷需要什么条件","信贷服务","个人贷款","抵押贷","短文本","简单","short","抵押贷, 条件",0.88
1385,"我对税费缴纳很感兴趣，请问能介绍一下吗？我想知道相关的具体要求和办理流程","交易服务","支付缴费","税费缴纳","中等文本","中等","medium","税费缴纳, 办理, 流程",0.95
1386,"我对货币基金很感兴趣，请问能介绍一下吗？我想知道相关的具体要求和办理流程","投资理财","基金投资","货币基金","中等文本","中等","medium","货币基金, 基金, 办理, 流程",0.98
1387,"港股通的具体流程是什么","投资理财","股票投资","港股通","短文本","简单","short","港股通, 流程",0.99
1388,"账单分期需要什么条件","信贷服务","信用卡服务","账单分期","短文本","简单","short","账单分期, 条件",0.97
1389,"手机银行可以给手机充值吗？我有两张手机卡都能充吗？","交易服务","支付缴费","手机充值","短文本","简单","short","手机充值",0.98
1390,"请问基金赎回怎么操作","投资理财","基金投资","基金赎回","短文本","简单","short","基金赎回, 基金",0.98
1391,"请问定期调整怎么操作","投资理财","资产配置","定期调整","短文本","简单","short","定期调整",0.89
1392,"请问实际收益怎么操作","产品咨询","收益计算","实际收益","短文本","简单","short","实际收益, 收益",0.93
1393,"开放式基金怎么买","投资理财","基金投资","开放式基金","短文本","简单","short","开放式基金, 基金",0.80
1394,"我对代扣查询很感兴趣，请问能介绍一下吗？我想知道相关的具体要求和办理流程","交易服务","代扣代缴","代扣查询","中等文本","简单","medium","代扣查询, 查询, 办理, 流程",0.97
1395,"我想了解A股交易的相关信息","投资理财","股票投资","A股交易","短文本","简单","short","A股交易",0.96
1396,"我想了解实时转账的相关信息","交易服务","转账汇款","实时转账","短文本","简单","short","实时转账, 转账",0.82
1397,"自动缴费需要什么条件","交易服务","代扣代缴","自动缴费","短文本","简单","short","自动缴费, 缴费, 条件",0.98
1398,"我想了解A股交易的相关信息","投资理财","股票投资","A股交易","短文本","简单","short","A股交易",0.92
1399,"我对保险理赔很感兴趣，请问能介绍一下吗？我想知道相关的具体要求和办理流程","投资理财","保险规划","保险理赔","中等文本","中等","medium","保险理赔, 保险, 办理, 流程",0.93
1400,"请问管理费怎么操作","产品咨询","费用说明","管理费","短文本","简单","short","管理费",0.94
1401,"我有一笔10万的大额转账，为什么会要求我提供资金来源和用途证明","风险合规","合规咨询","反洗钱","中等文本","简单","medium","反洗钱, 转账",0.99
1402,"车险需要什么条件","投资理财","保险规划","车险","短文本","简单","short","车险, 条件",0.91
1403,"身份识别的具体流程是什么","风险合规","合规咨询","身份识别","短文本","简单","short","身份识别, 流程",0.90
1404,"请问资产配置建议怎么操作","投资理财","资产配置","资产配置建议","短文本","简单","short","资产配置建议",0.82
1405,"请问流动资金贷款怎么操作","信贷服务","企业贷款","流动资金贷款","短文本","简单","short","流动资金贷款, 贷款",0.80
1406,"产品优缺点的具体流程是什么","产品咨询","产品对比","产品优缺点","短文本","简单","short","产品优缺点, 流程",0.90
1407,"请问密码找回和其他类似服务相比有什么优势？我想做一个详细的了解和对比，看看哪个更适合我的需求","账户服务","密码管理","密码找回","中等文本","中等","medium","密码找回, 密码",0.89
1408,"基金赎回需要什么条件","投资理财","基金投资","基金赎回","短文本","简单","short","基金赎回, 基金, 条件",0.91
1409,"监管政策的具体流程是什么","风险合规","合规咨询","监管政策","短文本","简单","short","监管政策, 流程",0.98
1410,"我想用手机银行交家里的水电费和燃气费，请问怎么操作？需要绑定户号吗","交易服务","支付缴费","水电煤缴费","中等文本","中等","medium","水电煤缴费",0.83
1411,"跨行转账需要什么信息","交易服务","转账汇款","跨行转账","短文本","简单","short","跨行转账, 转账",0.97
1412,"盾卡管理的具体流程是什么","账户服务","安全验证","盾卡管理","短文本","简单","short","盾卡管理, 流程",0.98
1413,"请问风险等级和其他类似服务相比有什么优势？我想做一个详细的了解和对比，看看哪个更适合我的需求","风险合规","风险评估","风险等级","中等文本","中等","medium","风险等级, 风险",0.94
1414,"请问预期收益和其他类似服务相比有什么优势？我想做一个详细的了解和对比，看看哪个更适合我的需求","产品咨询","收益计算","预期收益","中等文本","中等","medium","预期收益, 收益",0.89
1415,"意外险的具体流程是什么","投资理财","保险规划","意外险","短文本","简单","short","意外险, 流程",0.86
1416,"我对手续费很感兴趣，请问能介绍一下吗？我想知道相关的具体要求和办理流程","产品咨询","费用说明","手续费","中等文本","中等","medium","手续费, 办理, 流程",0.90
1417,"我想了解美股交易的相关信息","投资理财","股票投资","美股交易","短文本","简单","short","美股交易",0.92
1418,"我对信用贷很感兴趣，请问能介绍一下吗？我想知道相关的具体要求和办理流程","信贷服务","个人贷款","信用贷","中等文本","中等","medium","信用贷, 办理, 流程",0.87
1419,"请问贸易融资和其他类似服务相比有什么优势？我想做一个详细的了解和对比，看看哪个更适合我的需求","信贷服务","企业贷款","贸易融资","中等文本","简单","medium","贸易融资",0.90
1420,"我想了解实名认证的相关信息","账户服务","安全验证","实名认证","短文本","简单","short","实名认证",0.90
1421,"请问美股交易和其他类似服务相比有什么优势？我想做一个详细的了解和对比，看看哪个更适合我的需求","投资理财","股票投资","美股交易","中等文本","中等","medium","美股交易",0.81
1422,"我想了解账户注销的相关信息","账户服务","开户注销","账户注销","短文本","简单","short","账户注销",0.86
1423,"我想了解委托授权的相关信息","账户服务","权限设置","委托授权","短文本","简单","short","委托授权",0.82
1424,"请问人脸识别怎么操作","账户服务","安全验证","人脸识别","短文本","简单","short","人脸识别",0.92
1425,"请问贷款计算怎么操作","信贷服务","个人贷款","贷款计算","短文本","简单","short","贷款计算, 贷款",0.84
1426,"请问账户注销和其他类似服务相比有什么优势？我想做一个详细的了解和对比，看看哪个更适合我的需求","账户服务","开户注销","账户注销","中等文本","简单","medium","账户注销",0.95
1427,"我想了解低风险产品的相关信息","产品咨询","产品推荐","低风险产品","短文本","简单","short","低风险产品, 风险",0.84
1428,"请问A股交易和其他类似服务相比有什么优势？我想做一个详细的了解和对比，看看哪个更适合我的需求","投资理财","股票投资","A股交易","中等文本","中等","medium","A股交易",0.90
1429,"请问交易记录和其他类似服务相比有什么优势？我想做一个详细的了解和对比，看看哪个更适合我的需求","交易服务","交易查询","交易记录","中等文本","中等","medium","交易记录",0.81
1430,"交易权限的具体流程是什么","账户服务","权限设置","交易权限","短文本","简单","short","交易权限, 流程",0.87
1431,"进取型产品需要什么条件","产品咨询","产品推荐","进取型产品","短文本","简单","short","进取型产品, 条件",0.94
1432,"请问产品说明书和其他类似服务相比有什么优势？我想做一个详细的了解和对比，看看哪个更适合我的需求","风险合规","信息披露","产品说明书","中等文本","简单","medium","产品说明书",0.82
1433,"请问办卡申请和其他类似服务相比有什么优势？我想做一个详细的了解和对比，看看哪个更适合我的需求","信贷服务","信用卡服务","办卡申请","中等文本","简单","medium","办卡申请, 申请",0.80
1434,"短信验证的具体流程是什么","账户服务","安全验证","短信验证","短文本","简单","short","短信验证, 流程",0.89
1435,"请问货币基金怎么操作","投资理财","基金投资","货币基金","短文本","简单","short","货币基金, 基金",0.83
1436,"支付密码的具体流程是什么","账户服务","密码管理","支付密码","短文本","简单","short","支付密码, 密码, 流程",0.90
1437,"经营贷的具体流程是什么","信贷服务","个人贷款","经营贷","短文本","简单","short","经营贷, 流程",0.90
1438,"我对授信管理很感兴趣，请问能介绍一下吗？我想知道相关的具体要求和办理流程","信贷服务","额度管理","授信管理","中等文本","中等","medium","授信管理, 办理, 流程",0.81
1439,"我想了解监管政策的相关信息","风险合规","合规咨询","监管政策","短文本","简单","short","监管政策",0.99
1440,"请问银行理财和其他类似服务相比有什么优势？我想做一个详细的了解和对比，看看哪个更适合我的需求","投资理财","理财产品","银行理财","中等文本","中等","medium","银行理财, 理财",0.96
1441,"财产保险需要什么条件","投资理财","保险规划","财产保险","短文本","简单","short","财产保险, 保险, 条件",0.98
1442,"消费贷利率多少","信贷服务","个人贷款","消费贷","短文本","简单","short","消费贷, 利率",0.86
1443,"请问交易记录和其他类似服务相比有什么优势？我想做一个详细的了解和对比，看看哪个更适合我的需求","交易服务","交易查询","交易记录","中等文本","简单","medium","交易记录",0.89
1444,"委托授权的具体流程是什么","账户服务","权限设置","委托授权","短文本","简单","short","委托授权, 流程",0.88
1445,"我的网银登录密码忘记了，请问怎么找回？需要去柜台办理吗？","账户服务","密码管理","登录密码","短文本","简单","short","登录密码, 密码, 办理",0.97
1446,"代扣设置的具体流程是什么","交易服务","代扣代缴","代扣设置","短文本","简单","short","代扣设置, 流程",0.94
1447,"我对美股交易很感兴趣，请问能介绍一下吗？我想知道相关的具体要求和办理流程","投资理财","股票投资","美股交易","中等文本","中等","medium","美股交易, 办理, 流程",0.85
1448,"我对资产配置建议很感兴趣，请问能介绍一下吗？我想知道相关的具体要求和办理流程","投资理财","资产配置","资产配置建议","中等文本","简单","medium","资产配置建议, 办理, 流程",0.91
1449,"我对新股申购很感兴趣，请问能介绍一下吗？我想知道相关的具体要求和办理流程","投资理财","股票投资","新股申购","中等文本","简单","medium","新股申购, 办理, 流程",0.80
1450,"风险等级对比需要什么条件","产品咨询","产品对比","风险等级对比","短文本","简单","short","风险等级对比, 风险, 条件",0.99
1451,"新股申购的具体流程是什么","投资理财","股票投资","新股申购","短文本","简单","short","新股申购, 流程",0.95
1452,"我想了解额度调整的相关信息","信贷服务","额度管理","额度调整","短文本","简单","short","额度调整, 额度",0.83
1453,"密码重置需要什么条件","账户服务","密码管理","密码重置","短文本","简单","short","密码重置, 密码, 条件",0.81
1454,"我对服务费很感兴趣，请问能介绍一下吗？我想知道相关的具体要求和办理流程","产品咨询","费用说明","服务费","中等文本","中等","medium","服务费, 办理, 流程",0.94
1455,"开放式基金怎么买","投资理财","基金投资","开放式基金","短文本","简单","short","开放式基金, 基金",0.82
1456,"请问额度查询怎么操作","信贷服务","额度管理","额度查询","短文本","简单","short","额度查询, 额度, 查询",0.88
1457,"开户需要本人去银行吗？能不能在手机上直接开户？需要做人脸识别吗","账户服务","开户注销","个人开户","中等文本","中等","medium","个人开户, 开户",0.95
1458,"我想了解交通罚款的相关信息","交易服务","支付缴费","交通罚款","短文本","简单","short","交通罚款",0.97
1459,"交易明细需要什么条件","交易服务","交易查询","交易明细","短文本","简单","short","交易明细, 条件",0.92
1460,"账单分期的具体流程是什么","信贷服务","信用卡服务","账单分期","短文本","简单","short","账单分期, 流程",0.94
1461,"请问实际收益和其他类似服务相比有什么优势？我想做一个详细的了解和对比，看看哪个更适合我的需求","产品咨询","收益计算","实际收益","中等文本","简单","medium","实际收益, 收益",0.94
1462,"我对热门产品很感兴趣，请问能介绍一下吗？我想知道相关的具体要求和办理流程","产品咨询","产品推荐","热门产品","中等文本","简单","medium","热门产品, 办理, 流程",0.86
1463,"我对贸易融资很感兴趣，请问能介绍一下吗？我想知道相关的具体要求和办理流程","信贷服务","企业贷款","贸易融资","中等文本","中等","medium","贸易融资, 办理, 流程",0.83
1464,"我对授信管理很感兴趣，请问能介绍一下吗？我想知道相关的具体要求和办理流程","信贷服务","额度管理","授信管理","中等文本","简单","medium","授信管理, 办理, 流程",0.83
1465,"消费贷和信用卡现金分期哪个更划算？我需要借20万用一年，请问哪种方式的利息更低，有没有其他手续费","信贷服务","个人贷款","消费贷","中等文本","中等","medium","消费贷, 信用卡, 手续费",0.88
1466,"请问净值型理财怎么操作","投资理财","理财产品","净值型理财","短文本","简单","short","净值型理财, 理财",0.91
1467,"债券基金收益怎么样","投资理财","基金投资","债券基金","短文本","简单","short","债券基金, 收益, 基金",0.84
1468,"休眠账户激活需要什么条件","账户服务","开户注销","休眠账户激活","短文本","简单","short","休眠账户激活, 条件",0.97
1469,"我对意外险很感兴趣，请问能介绍一下吗？我想知道相关的具体要求和办理流程","投资理财","保险规划","意外险","中等文本","简单","medium","意外险, 办理, 流程",0.88
1470,"基金转换需要什么条件","投资理财","基金投资","基金转换","短文本","简单","short","基金转换, 基金, 条件",0.96
1471,"实名认证需要什么条件","账户服务","安全验证","实名认证","短文本","简单","short","实名认证, 条件",1.00
1472,"承受能力的具体流程是什么","风险合规","风险评估","承受能力","短文本","简单","short","承受能力, 流程",0.87
1473,"我对人脸识别很感兴趣，请问能介绍一下吗？我想知道相关的具体要求和办理流程","账户服务","安全验证","人脸识别","中等文本","简单","medium","人脸识别, 办理, 流程",0.81
1474,"产品公告需要什么条件","风险合规","信息披露","产品公告","短文本","简单","short","产品公告, 条件",0.93
1475,"密码重置需要什么条件","账户服务","密码管理","密码重置","短文本","简单","short","密码重置, 密码, 条件",0.99
1476,"请问账单分期怎么操作","信贷服务","信用卡服务","账单分期","短文本","简单","short","账单分期",0.87
1477,"充值话费有优惠吗","交易服务","支付缴费","手机充值","短文本","简单","short","手机充值",0.86
1478,"请问自动缴费和其他类似服务相比有什么优势？我想做一个详细的了解和对比，看看哪个更适合我的需求","交易服务","代扣代缴","自动缴费","中等文本","中等","medium","自动缴费, 缴费",0.98
1479,"交易明细需要什么条件","交易服务","交易查询","交易明细","短文本","简单","short","交易明细, 条件",0.89
1480,"我想了解委托授权的相关信息","账户服务","权限设置","委托授权","短文本","简单","short","委托授权",0.96
1481,"我想了解密码找回的相关信息","账户服务","密码管理","密码找回","短文本","简单","short","密码找回, 密码",0.95
1482,"请问抵押贷和其他类似服务相比有什么优势？我想做一个详细的了解和对比，看看哪个更适合我的需求","信贷服务","个人贷款","抵押贷","中等文本","中等","medium","抵押贷",0.97
1483,"请问风险等级对比和其他类似服务相比有什么优势？我想做一个详细的了解和对比，看看哪个更适合我的需求","产品咨询","产品对比","风险等级对比","中等文本","简单","medium","风险等级对比, 风险",0.82
1484,"我对代扣设置很感兴趣，请问能介绍一下吗？我想知道相关的具体要求和办理流程","交易服务","代扣代缴","代扣设置","中等文本","中等","medium","代扣设置, 办理, 流程",0.85
1485,"房贷可以提前还款吗","信贷服务","个人贷款","房贷","短文本","简单","short","房贷",0.87
1486,"我对管理费很感兴趣，请问能介绍一下吗？我想知道相关的具体要求和办理流程","产品咨询","费用说明","管理费","中等文本","简单","medium","管理费, 办理, 流程",0.95
1487,"热门产品需要什么条件","产品咨询","产品推荐","热门产品","短文本","简单","short","热门产品, 条件",0.93
1488,"请问自动缴费怎么操作","交易服务","代扣代缴","自动缴费","短文本","简单","short","自动缴费, 缴费",0.82
1489,"信用卡提额需要什么条件","信贷服务","信用卡服务","额度提升","短文本","简单","short","额度提升, 信用卡, 条件",0.85
1490,"收益率对比的具体流程是什么","产品咨询","产品对比","收益率对比","短文本","简单","short","收益率对比, 收益, 流程",0.91
1491,"信用卡提额被拒怎么办","信贷服务","信用卡服务","额度提升","短文本","简单","short","额度提升, 信用卡",0.86
1492,"我想了解合规要求的相关信息","风险合规","合规咨询","合规要求","短文本","简单","short","合规要求",0.99
1493,"请问股票查询怎么操作","投资理财","股票投资","股票查询","短文本","简单","short","股票查询, 股票, 查询",0.88
1494,"请问支付密码和其他类似服务相比有什么优势？我想做一个详细的了解和对比，看看哪个更适合我的需求","账户服务","密码管理","支付密码","中等文本","简单","medium","支付密码, 密码",0.87
1495,"我想了解风险等级的相关信息","风险合规","风险评估","风险等级","短文本","简单","short","风险等级, 风险",0.99
1496,"临时额度和固定额度的区别","信贷服务","信用卡服务","额度提升","短文本","简单","short","额度提升, 额度",0.81
1497,"行内转账的限额是多少？我需要转账5万块钱，能不能一次性转出去","交易服务","转账汇款","行内转账","短文本","简单","short","行内转账, 转账",0.84
1498,"请问账单分期和其他类似服务相比有什么优势？我想做一个详细的了解和对比，看看哪个更适合我的需求","信贷服务","信用卡服务","账单分期","中等文本","简单","medium","账单分期",1.00
1499,"跨境汇款需要什么条件","交易服务","转账汇款","跨境汇款","短文本","简单","short","跨境汇款, 条件",0.89
1500,"预期收益的具体流程是什么","产品咨询","收益计算","预期收益","短文本","简单","short","预期收益, 收益, 流程",0.92
1501,"我对支付密码很感兴趣，请问能介绍一下吗？我想知道相关的具体要求和办理流程","账户服务","密码管理","支付密码","中等文本","简单","medium","支付密码, 密码, 办理, 流程",0.80
1502,"怎么设置自动缴费","交易服务","支付缴费","水电煤缴费","短文本","简单","short","水电煤缴费, 缴费",0.97
1503,"产品公告的具体流程是什么","风险合规","信息披露","产品公告","短文本","简单","short","产品公告, 流程",0.80
1504,"预约转账的具体流程是什么","交易服务","转账汇款","预约转账","短文本","简单","short","预约转账, 转账, 流程",0.99
1505,"产品说明书需要什么条件","风险合规","信息披露","产品说明书","短文本","简单","short","产品说明书, 条件",0.87
1506,"我对委托授权很感兴趣，请问能介绍一下吗？我想知道相关的具体要求和办理流程","账户服务","权限设置","委托授权","中等文本","中等","medium","委托授权, 办理, 流程",0.89
1507,"固定资产贷款需要什么条件","信贷服务","企业贷款","固定资产贷款","短文本","简单","short","固定资产贷款, 贷款, 条件",0.88
1508,"健康保险需要什么条件","投资理财","保险规划","健康保险","短文本","简单","short","健康保险, 保险, 条件",0.92
1509,"临时额度需要什么条件","信贷服务","信用卡服务","临时额度","短文本","简单","short","临时额度, 额度, 条件",0.93
1510,"我对密码找回很感兴趣，请问能介绍一下吗？我想知道相关的具体要求和办理流程","账户服务","密码管理","密码找回","中等文本","简单","medium","密码找回, 密码, 办理, 流程",0.96
1511,"我想了解产品优缺点的相关信息","产品咨询","产品对比","产品优缺点","短文本","简单","short","产品优缺点",0.88
1512,"我想了解风险测评的相关信息","风险合规","风险评估","风险测评","短文本","简单","short","风险测评, 风险",0.81
1513,"请问车险和其他类似服务相比有什么优势？我想做一个详细的了解和对比，看看哪个更适合我的需求","投资理财","保险规划","车险","中等文本","中等","medium","车险",0.80
1514,"对账单需要什么条件","交易服务","交易查询","对账单","短文本","简单","short","对账单, 条件",0.99
1515,"请问人寿保险和其他类似服务相比有什么优势？我想做一个详细的了解和对比，看看哪个更适合我的需求","投资理财","保险规划","人寿保险","中等文本","中等","medium","人寿保险, 保险",0.94
1516,"请问美股交易和其他类似服务相比有什么优势？我想做一个详细的了解和对比，看看哪个更适合我的需求","投资理财","股票投资","美股交易","中等文本","简单","medium","美股交易",0.90
1517,"请问代扣设置怎么操作","交易服务","代扣代缴","代扣设置","短文本","简单","short","代扣设置",0.86
1518,"请问实名认证怎么操作","账户服务","安全验证","实名认证","短文本","简单","short","实名认证",0.91
1519,"我想了解密码重置的相关信息","账户服务","密码管理","密码重置","短文本","简单","short","密码重置, 密码",0.99
1520,"我对手续费很感兴趣，请问能介绍一下吗？我想知道相关的具体要求和办理流程","产品咨询","费用说明","手续费","中等文本","简单","medium","手续费, 办理, 流程",0.81
1521,"我对实名认证很感兴趣，请问能介绍一下吗？我想知道相关的具体要求和办理流程","账户服务","安全验证","实名认证","中等文本","简单","medium","实名认证, 办理, 流程",0.92
1522,"我对贸易融资很感兴趣，请问能介绍一下吗？我想知道相关的具体要求和办理流程","信贷服务","企业贷款","贸易融资","中等文本","简单","medium","贸易融资, 办理, 流程",0.97
1523,"担保方式的具体流程是什么","信贷服务","额度管理","担保方式","短文本","简单","short","担保方式, 流程",0.95
1524,"密码重置需要什么条件","账户服务","密码管理","密码重置","短文本","简单","short","密码重置, 密码, 条件",0.87
1525,"开放式基金和封闭式基金有什么区别？我想了解一下它们的主要特点，特别是关于流动性和申购赎回机制方面的差异","投资理财","基金投资","开放式基金","中等文本","简单","medium","开放式基金, 基金",0.90
1526,"固定资产贷款的具体流程是什么","信贷服务","企业贷款","固定资产贷款","短文本","简单","short","固定资产贷款, 贷款, 流程",0.93
1527,"我想了解手续费的相关信息","产品咨询","费用说明","手续费","短文本","简单","short","手续费",0.99
1528,"我对持仓分析很感兴趣，请问能介绍一下吗？我想知道相关的具体要求和办理流程","投资理财","股票投资","持仓分析","中等文本","中等","medium","持仓分析, 办理, 流程",0.84
1529,"请问税费缴纳怎么操作","交易服务","支付缴费","税费缴纳","短文本","简单","short","税费缴纳",0.95
1530,"基金定投多少钱合适","投资理财","基金投资","基金定投","短文本","简单","short","基金定投, 基金",0.83
1531,"请问代扣设置和其他类似服务相比有什么优势？我想做一个详细的了解和对比，看看哪个更适合我的需求","交易服务","代扣代缴","代扣设置","中等文本","简单","medium","代扣设置",0.85
1532,"请问风险等级对比和其他类似服务相比有什么优势？我想做一个详细的了解和对比，看看哪个更适合我的需求","产品咨询","产品对比","风险等级对比","中等文本","中等","medium","风险等级对比, 风险",0.99
1533,"我想了解贷款审批的相关信息","信贷服务","企业贷款","贷款审批","短文本","简单","short","贷款审批, 贷款",0.94
1534,"我想了解身份识别的相关信息","风险合规","合规咨询","身份识别","短文本","简单","short","身份识别",0.94
1535,"我对赎回费很感兴趣，请问能介绍一下吗？我想知道相关的具体要求和办理流程","产品咨询","费用说明","赎回费","中等文本","简单","medium","赎回费, 办理, 流程",0.81
1536,"我对企业开户很感兴趣，请问能介绍一下吗？我想知道相关的具体要求和办理流程","账户服务","开户注销","企业开户","中等文本","中等","medium","企业开户, 开户, 办理, 流程",0.85
1537,"债券基金适合长期持有吗","投资理财","基金投资","债券基金","短文本","简单","short","债券基金, 基金",0.99
1538,"交易权限的具体流程是什么","账户服务","权限设置","交易权限","短文本","简单","short","交易权限, 流程",0.82
1539,"跨行转账需要对方什么信息？只需要银行卡号还是也需要开户行名称？大额转账要提前预约吗","交易服务","转账汇款","跨行转账","中等文本","简单","medium","跨行转账, 转账, 开户",0.91
1540,"账户注销的具体流程是什么","账户服务","开户注销","账户注销","短文本","简单","short","账户注销, 流程",0.89
1541,"服务费的具体流程是什么","产品咨询","费用说明","服务费","短文本","简单","short","服务费, 流程",0.97
1542,"请问交易明细和其他类似服务相比有什么优势？我想做一个详细的了解和对比，看看哪个更适合我的需求","交易服务","交易查询","交易明细","中等文本","中等","medium","交易明细",0.88
1543,"跨境汇款的具体流程是什么","交易服务","转账汇款","跨境汇款","短文本","简单","short","跨境汇款, 流程",0.96
1544,"人寿保险的具体流程是什么","投资理财","保险规划","人寿保险","短文本","简单","short","人寿保险, 保险, 流程",0.84
1545,"我想了解产品说明书的相关信息","风险合规","信息披露","产品说明书","短文本","简单","short","产品说明书",0.88
1546,"我想装修房子需要30万，请问消费贷的申请流程是什么？需要提供哪些材料？大概多久能批下来","信贷服务","个人贷款","消费贷","中等文本","中等","medium","消费贷, 申请, 流程, 材料",0.85
1547,"请问支付密码怎么操作","账户服务","密码管理","支付密码","短文本","简单","short","支付密码, 密码",0.94
1548,"我想了解人寿保险的相关信息","投资理财","保险规划","人寿保险","短文本","简单","short","人寿保险, 保险",0.91
1549,"请问保险理赔和其他类似服务相比有什么优势？我想做一个详细的了解和对比，看看哪个更适合我的需求","投资理财","保险规划","保险理赔","中等文本","中等","medium","保险理赔, 保险",0.85
1550,"我想了解费用对比的相关信息","产品咨询","产品对比","费用对比","短文本","简单","short","费用对比",0.83
1551,"我想了解信息披露查询的相关信息","风险合规","信息披露","信息披露查询","短文本","简单","short","信息披露查询, 查询",0.81
1552,"我对车险很感兴趣，请问能介绍一下吗？我想知道相关的具体要求和办理流程","投资理财","保险规划","车险","中等文本","中等","medium","车险, 办理, 流程",0.92
1553,"人脸识别的具体流程是什么","账户服务","安全验证","人脸识别","短文本","简单","short","人脸识别, 流程",0.95
1554,"开户要带什么材料","账户服务","开户注销","个人开户","短文本","简单","short","个人开户, 开户, 材料",0.94
1555,"临时额度需要什么条件","信贷服务","信用卡服务","临时额度","短文本","简单","short","临时额度, 额度, 条件",0.94
1556,"请问热门产品和其他类似服务相比有什么优势？我想做一个详细的了解和对比，看看哪个更适合我的需求","产品咨询","产品推荐","热门产品","中等文本","简单","medium","热门产品",0.87
1557,"请问抵押贷怎么操作","信贷服务","个人贷款","抵押贷","短文本","简单","short","抵押贷",0.96
1558,"请问健康保险怎么操作","投资理财","保险规划","健康保险","短文本","简单","short","健康保险, 保险",0.82
1559,"请问交易明细怎么操作","交易服务","交易查询","交易明细","短文本","简单","short","交易明细",0.84
1560,"委托授权需要什么条件","账户服务","权限设置","委托授权","短文本","简单","short","委托授权, 条件",0.89
1561,"我想做基金定投，每月定投2000元，请问是选周定投好还是月定投好？","投资理财","基金投资","基金定投","中等文本","简单","medium","基金定投, 基金",0.94
1562,"我想了解持仓分析的相关信息","投资理财","股票投资","持仓分析","短文本","简单","short","持仓分析",0.92
1563,"请问跨境汇款和其他类似服务相比有什么优势？我想做一个详细的了解和对比，看看哪个更适合我的需求","交易服务","转账汇款","跨境汇款","中等文本","中等","medium","跨境汇款",0.82
1564,"产品优缺点需要什么条件","产品咨询","产品对比","产品优缺点","短文本","简单","short","产品优缺点, 条件",0.94
1565,"我想了解税费缴纳的相关信息","交易服务","支付缴费","税费缴纳","短文本","简单","short","税费缴纳",0.88
1566,"我对代扣取消很感兴趣，请问能介绍一下吗？我想知道相关的具体要求和办理流程","交易服务","代扣代缴","代扣取消","中等文本","中等","medium","代扣取消, 办理, 流程",0.81
1567,"充值话费有优惠吗","交易服务","支付缴费","手机充值","短文本","简单","short","手机充值",0.85
1568,"我对抵押贷很感兴趣，请问能介绍一下吗？我想知道相关的具体要求和办理流程","信贷服务","个人贷款","抵押贷","中等文本","中等","medium","抵押贷, 办理, 流程",0.99
1569,"我想了解短信验证的相关信息","账户服务","安全验证","短信验证","短文本","简单","short","短信验证",0.89
1570,"行内转账限额是多少","交易服务","转账汇款","行内转账","短文本","简单","short","行内转账, 转账",0.96
1571,"代扣取消的具体流程是什么","交易服务","代扣代缴","代扣取消","短文本","简单","short","代扣取消, 流程",0.88
1572,"请问支付密码怎么操作","账户服务","密码管理","支付密码","短文本","简单","short","支付密码, 密码",0.80
1573,"我对热门产品很感兴趣，请问能介绍一下吗？我想知道相关的具体要求和办理流程","产品咨询","产品推荐","热门产品","中等文本","中等","medium","热门产品, 办理, 流程",0.84
1574,"账户注销需要什么条件","账户服务","开户注销","账户注销","短文本","简单","short","账户注销, 条件",0.82
1575,"请问跨境汇款怎么操作","交易服务","转账汇款","跨境汇款","短文本","简单","short","跨境汇款",0.83
1576,"保险理赔的具体流程是什么","投资理财","保险规划","保险理赔","短文本","简单","short","保险理赔, 保险, 流程",0.99
1577,"转账限额的具体流程是什么","账户服务","权限设置","转账限额","短文本","简单","short","转账限额, 转账, 流程",1.00
1578,"开户需要本人去银行吗？能不能在手机上直接开户？需要做人脸识别吗","账户服务","开户注销","个人开户","中等文本","中等","medium","个人开户, 开户",0.88
1579,"实际收益的具体流程是什么","产品咨询","收益计算","实际收益","短文本","简单","short","实际收益, 收益, 流程",0.99
1580,"我对人寿保险很感兴趣，请问能介绍一下吗？我想知道相关的具体要求和办理流程","投资理财","保险规划","人寿保险","中等文本","简单","medium","人寿保险, 保险, 办理, 流程",0.83
1581,"请问担保方式和其他类似服务相比有什么优势？我想做一个详细的了解和对比，看看哪个更适合我的需求","信贷服务","额度管理","担保方式","中等文本","中等","medium","担保方式",0.86
1582,"请问投资组合怎么操作","投资理财","资产配置","投资组合","短文本","简单","short","投资组合",0.96
1583,"监管政策的具体流程是什么","风险合规","合规咨询","监管政策","短文本","简单","short","监管政策, 流程",0.90
1584,"请问企业开户怎么操作","账户服务","开户注销","企业开户","短文本","简单","short","企业开户, 开户",0.96
1585,"我对支付密码很感兴趣，请问能介绍一下吗？我想知道相关的具体要求和办理流程","账户服务","密码管理","支付密码","中等文本","中等","medium","支付密码, 密码, 办理, 流程",0.94
1586,"我对风险测评很感兴趣，请问能介绍一下吗？我想知道相关的具体要求和办理流程","风险合规","风险评估","风险测评","中等文本","中等","medium","风险测评, 风险, 办理, 流程",0.84
1587,"怎么行内转账","交易服务","转账汇款","行内转账","短文本","简单","short","行内转账, 转账",0.96
1588,"代扣查询需要什么条件","交易服务","代扣代缴","代扣查询","短文本","简单","short","代扣查询, 查询, 条件",0.96
1589,"密码找回的具体流程是什么","账户服务","密码管理","密码找回","短文本","简单","short","密码找回, 密码, 流程",0.88
1590,"房贷可以提前还款吗","信贷服务","个人贷款","房贷","短文本","简单","short","房贷",0.91
1591,"我想了解企业开户的相关信息","账户服务","开户注销","企业开户","短文本","简单","short","企业开户, 开户",0.84
1592,"充值没到账怎么办","交易服务","支付缴费","手机充值","短文本","简单","short","手机充值",0.99
1593,"指数基金的费率大概是多少？包括管理费、托管费、申购费和赎回费，还有指数增强型基金和普通指数基金的区别","投资理财","基金投资","指数基金","中等文本","简单","medium","指数基金, 费率, 基金",0.92
1594,"请问费用对比怎么操作","产品咨询","产品对比","费用对比","短文本","简单","short","费用对比",0.82
1595,"请问车险怎么操作","投资理财","保险规划","车险","短文本","简单","short","车险",0.85
1596,"身份识别的具体流程是什么","风险合规","合规咨询","身份识别","短文本","简单","short","身份识别, 流程",0.97
1597,"稳健型产品的具体流程是什么","产品咨询","产品推荐","稳健型产品","短文本","简单","short","稳健型产品, 流程",0.99
1598,"风险测评的具体流程是什么","风险合规","风险评估","风险测评","短文本","简单","short","风险测评, 风险, 流程",0.88
1599,"房贷可以提前还款吗","信贷服务","个人贷款","房贷","短文本","简单","short","房贷",0.88
1600,"我想了解贸易融资的相关信息","信贷服务","企业贷款","贸易融资","短文本","简单","short","贸易融资",0.91
1601,"风险等级的具体流程是什么","风险合规","风险评估","风险等级","短文本","简单","short","风险等级, 风险, 流程",0.90
1602,"请问额度调整和其他类似服务相比有什么优势？我想做一个详细的了解和对比，看看哪个更适合我的需求","信贷服务","额度管理","额度调整","中等文本","中等","medium","额度调整, 额度",0.90
1603,"定期调整的具体流程是什么","投资理财","资产配置","定期调整","短文本","简单","short","定期调整, 流程",0.82
1604,"我想了解风险提示书的相关信息","风险合规","信息披露","风险提示书","短文本","简单","short","风险提示书, 风险",0.94
1605,"赎回费的具体流程是什么","产品咨询","费用说明","赎回费","短文本","简单","short","赎回费, 流程",0.89
1606,"我对实时转账很感兴趣，请问能介绍一下吗？我想知道相关的具体要求和办理流程","交易服务","转账汇款","实时转账","中等文本","简单","medium","实时转账, 转账, 办理, 流程",0.95
1607,"请问支付密码和其他类似服务相比有什么优势？我想做一个详细的了解和对比，看看哪个更适合我的需求","账户服务","密码管理","支付密码","中等文本","简单","medium","支付密码, 密码",0.82
1608,"开户需要本人去银行吗？能不能在手机上直接开户？需要做人脸识别吗","账户服务","开户注销","个人开户","中等文本","中等","medium","个人开户, 开户",0.95
1609,"预约转账需要什么条件","交易服务","转账汇款","预约转账","短文本","简单","short","预约转账, 转账, 条件",0.97
1610,"请问短信验证怎么操作","账户服务","安全验证","短信验证","短文本","简单","short","短信验证",0.83
1611,"请问代扣查询和其他类似服务相比有什么优势？我想做一个详细的了解和对比，看看哪个更适合我的需求","交易服务","代扣代缴","代扣查询","中等文本","简单","medium","代扣查询, 查询",0.98
1612,"请问美股交易怎么操作","投资理财","股票投资","美股交易","短文本","简单","short","美股交易",0.83
1613,"我对实名认证很感兴趣，请问能介绍一下吗？我想知道相关的具体要求和办理流程","账户服务","安全验证","实名认证","中等文本","简单","medium","实名认证, 办理, 流程",0.83
1614,"请问短信验证怎么操作","账户服务","安全验证","短信验证","短文本","简单","short","短信验证",0.83
1615,"电子回单需要什么条件","交易服务","交易查询","电子回单","短文本","简单","short","电子回单, 条件",0.90
1616,"请问额度查询和其他类似服务相比有什么优势？我想做一个详细的了解和对比，看看哪个更适合我的需求","信贷服务","额度管理","额度查询","中等文本","简单","medium","额度查询, 额度, 查询",0.82
1617,"请问固定资产贷款和其他类似服务相比有什么优势？我想做一个详细的了解和对比，看看哪个更适合我的需求","信贷服务","企业贷款","固定资产贷款","中等文本","简单","medium","固定资产贷款, 贷款",0.90
1618,"我对额度调整很感兴趣，请问能介绍一下吗？我想知道相关的具体要求和办理流程","信贷服务","额度管理","额度调整","中等文本","中等","medium","额度调整, 额度, 办理, 流程",0.90
1619,"我对意外险很感兴趣，请问能介绍一下吗？我想知道相关的具体要求和办理流程","投资理财","保险规划","意外险","中等文本","中等","medium","意外险, 办理, 流程",0.89
1620,"我对代扣查询很感兴趣，请问能介绍一下吗？我想知道相关的具体要求和办理流程","交易服务","代扣代缴","代扣查询","中等文本","简单","medium","代扣查询, 查询, 办理, 流程",0.92
1621,"我想了解收益率对比的相关信息","产品咨询","产品对比","收益率对比","短文本","简单","short","收益率对比, 收益",0.96
1622,"我想了解新股申购的相关信息","投资理财","股票投资","新股申购","短文本","简单","short","新股申购",0.98
1623,"交易明细需要什么条件","交易服务","交易查询","交易明细","短文本","简单","short","交易明细, 条件",0.91
1624,"请问身份识别和其他类似服务相比有什么优势？我想做一个详细的了解和对比，看看哪个更适合我的需求","风险合规","合规咨询","身份识别","中等文本","简单","medium","身份识别",0.82
1625,"我对风险等级对比很感兴趣，请问能介绍一下吗？我想知道相关的具体要求和办理流程","产品咨询","产品对比","风险等级对比","中等文本","中等","medium","风险等级对比, 风险, 办理, 流程",0.88
1626,"请问盾卡管理和其他类似服务相比有什么优势？我想做一个详细的了解和对比，看看哪个更适合我的需求","账户服务","安全验证","盾卡管理","中等文本","简单","medium","盾卡管理",0.91
1627,"支付密码的具体流程是什么","账户服务","密码管理","支付密码","短文本","简单","short","支付密码, 密码, 流程",0.93
1628,"我想在你们银行开个人账户，请问需要带什么证件？开户需要多长时间？","账户服务","开户注销","个人开户","中等文本","简单","medium","个人开户, 开户",0.85
1629,"产品优缺点需要什么条件","产品咨询","产品对比","产品优缺点","短文本","简单","short","产品优缺点, 条件",0.83
1630,"请问稳健型产品和其他类似服务相比有什么优势？我想做一个详细的了解和对比，看看哪个更适合我的需求","产品咨询","产品推荐","稳健型产品","中等文本","简单","medium","稳健型产品",0.83
1631,"请问账户注销和其他类似服务相比有什么优势？我想做一个详细的了解和对比，看看哪个更适合我的需求","账户服务","开户注销","账户注销","中等文本","简单","medium","账户注销",0.81
1632,"反洗钱要提供什么材料","风险合规","合规咨询","反洗钱","短文本","简单","short","反洗钱, 材料",0.82
1633,"我对港股通很感兴趣，请问能介绍一下吗？我想知道相关的具体要求和办理流程","投资理财","股票投资","港股通","中等文本","中等","medium","港股通, 办理, 流程",0.99
1634,"我想了解风险等级对比的相关信息","产品咨询","产品对比","风险等级对比","短文本","简单","short","风险等级对比, 风险",0.93
1635,"我想了解账户注销的相关信息","账户服务","开户注销","账户注销","短文本","简单","short","账户注销",0.95
1636,"请问定期调整和其他类似服务相比有什么优势？我想做一个详细的了解和对比，看看哪个更适合我的需求","投资理财","资产配置","定期调整","中等文本","中等","medium","定期调整",0.97
1637,"请问企业开户怎么操作","账户服务","开户注销","企业开户","短文本","简单","short","企业开户, 开户",0.83
1638,"代扣取消需要什么条件","交易服务","代扣代缴","代扣取消","短文本","简单","short","代扣取消, 条件",0.92
1639,"我对A股交易很感兴趣，请问能介绍一下吗？我想知道相关的具体要求和办理流程","投资理财","股票投资","A股交易","中等文本","中等","medium","A股交易, 办理, 流程",0.98
1640,"信息披露查询需要什么条件","风险合规","信息披露","信息披露查询","短文本","简单","short","信息披露查询, 查询, 条件",0.91
1641,"什么是指数基金","投资理财","基金投资","指数基金","短文本","简单","short","指数基金, 基金",1.00
1642,"复利计算需要什么条件","产品咨询","收益计算","复利计算","短文本","简单","short","复利计算, 条件",0.91
1643,"请问税费缴纳怎么操作","交易服务","支付缴费","税费缴纳","短文本","简单","short","税费缴纳",0.91
1644,"债券基金适合长期持有吗","投资理财","基金投资","债券基金","短文本","简单","short","债券基金, 基金",0.92
1645,"经营贷需要什么条件","信贷服务","个人贷款","经营贷","短文本","简单","short","经营贷, 条件",0.87
1646,"投资组合需要什么条件","投资理财","资产配置","投资组合","短文本","简单","short","投资组合, 条件",0.89
1647,"额度查询的具体流程是什么","信贷服务","额度管理","额度查询","短文本","简单","short","额度查询, 额度, 查询, 流程",0.90
1648,"我想了解交易权限的相关信息","账户服务","权限设置","交易权限","短文本","简单","short","交易权限",0.88
1649,"风险评估怎么做","投资理财","资产配置","风险评估","短文本","简单","short","风险评估, 风险",0.89
1650,"请问信用贷和其他类似服务相比有什么优势？我想做一个详细的了解和对比，看看哪个更适合我的需求","信贷服务","个人贷款","信用贷","中等文本","简单","medium","信用贷",0.99
1651,"请问美股交易怎么操作","投资理财","股票投资","美股交易","短文本","简单","short","美股交易",0.92
1652,"请问开放式基金的净值是怎么计算的？我关注的是每日净值更新时间以及计算公式，还有影响净值波动的因素有哪些","投资理财","基金投资","开放式基金","中等文本","中等","medium","开放式基金, 基金",0.90
1653,"交易明细的具体流程是什么","交易服务","交易查询","交易明细","短文本","简单","short","交易明细, 流程",0.97
1654,"我对基金转换很感兴趣，请问能介绍一下吗？我想知道相关的具体要求和办理流程","投资理财","基金投资","基金转换","中等文本","简单","medium","基金转换, 基金, 办理, 流程",0.84
1655,"什么是反洗钱","风险合规","合规咨询","反洗钱","短文本","简单","short","反洗钱",0.98
1656,"请问服务费和其他类似服务相比有什么优势？我想做一个详细的了解和对比，看看哪个更适合我的需求","产品咨询","费用说明","服务费","中等文本","中等","medium","服务费",0.99
1657,"请问费用对比怎么操作","产品咨询","产品对比","费用对比","短文本","简单","short","费用对比",1.00
1658,"请问人寿保险和其他类似服务相比有什么优势？我想做一个详细的了解和对比，看看哪个更适合我的需求","投资理财","保险规划","人寿保险","中等文本","简单","medium","人寿保险, 保险",0.85
1659,"我想了解资产配置建议的相关信息","投资理财","资产配置","资产配置建议","短文本","简单","short","资产配置建议",0.97
1660,"我想了解实名认证的相关信息","账户服务","安全验证","实名认证","短文本","简单","short","实名认证",0.91
1661,"我想了解预期收益的相关信息","产品咨询","收益计算","预期收益","短文本","简单","short","预期收益, 收益",0.89
1662,"意外险的具体流程是什么","投资理财","保险规划","意外险","短文本","简单","short","意外险, 流程",0.99
1663,"请问定期调整怎么操作","投资理财","资产配置","定期调整","短文本","简单","short","定期调整",0.85
1664,"我对股票查询很感兴趣，请问能介绍一下吗？我想知道相关的具体要求和办理流程","投资理财","股票投资","股票查询","中等文本","中等","medium","股票查询, 股票, 查询, 办理, 流程",0.83
1665,"我想了解银行理财的相关信息","投资理财","理财产品","银行理财","短文本","简单","short","银行理财, 理财",0.83
1666,"赎回费需要什么条件","产品咨询","费用说明","赎回费","短文本","简单","short","赎回费, 条件",0.97
1667,"定期调整需要什么条件","投资理财","资产配置","定期调整","短文本","简单","short","定期调整, 条件",0.97
1668,"我对产品说明书很感兴趣，请问能介绍一下吗？我想知道相关的具体要求和办理流程","风险合规","信息披露","产品说明书","中等文本","简单","medium","产品说明书, 办理, 流程",0.82
1669,"预期收益的具体流程是什么","产品咨询","收益计算","预期收益","短文本","简单","short","预期收益, 收益, 流程",0.97
1670,"登录密码有什么要求","账户服务","密码管理","登录密码","短文本","简单","short","登录密码, 密码",0.99
1671,"对账单的具体流程是什么","交易服务","交易查询","对账单","短文本","简单","short","对账单, 流程",0.98
1672,"我想了解税费缴纳的相关信息","交易服务","支付缴费","税费缴纳","短文本","简单","short","税费缴纳",0.99
1673,"我对对账单很感兴趣，请问能介绍一下吗？我想知道相关的具体要求和办理流程","交易服务","交易查询","对账单","中等文本","中等","medium","对账单, 办理, 流程",0.97
1674,"我对管理费很感兴趣，请问能介绍一下吗？我想知道相关的具体要求和办理流程","产品咨询","费用说明","管理费","中等文本","中等","medium","管理费, 办理, 流程",0.94
1675,"产品优缺点需要什么条件","产品咨询","产品对比","产品优缺点","短文本","简单","short","产品优缺点, 条件",0.99
1676,"网上银行能缴水电费吗","交易服务","支付缴费","水电煤缴费","短文本","简单","short","水电煤缴费",0.98
1677,"担保方式需要什么条件","信贷服务","额度管理","担保方式","短文本","简单","short","担保方式, 条件",0.81
1678,"请问热门产品怎么操作","产品咨询","产品推荐","热门产品","短文本","简单","short","热门产品",0.92
1679,"我对贷款计算很感兴趣，请问能介绍一下吗？我想知道相关的具体要求和办理流程","信贷服务","个人贷款","贷款计算","中等文本","中等","medium","贷款计算, 贷款, 办理, 流程",0.86
1680,"请问管理费和其他类似服务相比有什么优势？我想做一个详细的了解和对比，看看哪个更适合我的需求","产品咨询","费用说明","管理费","中等文本","简单","medium","管理费",0.96
1681,"权限冻结需要什么条件","账户服务","权限设置","权限冻结","短文本","简单","short","权限冻结, 条件",0.80
1682,"请问手续费怎么操作","产品咨询","费用说明","手续费","短文本","简单","short","手续费",0.97
1683,"请问新股申购和其他类似服务相比有什么优势？我想做一个详细的了解和对比，看看哪个更适合我的需求","投资理财","股票投资","新股申购","中等文本","中等","medium","新股申购",0.94
1684,"我有一笔10万的大额转账，为什么会要求我提供资金来源和用途证明","风险合规","合规咨询","反洗钱","中等文本","中等","medium","反洗钱, 转账",0.97
1685,"请问抵押贷和其他类似服务相比有什么优势？我想做一个详细的了解和对比，看看哪个更适合我的需求","信贷服务","个人贷款","抵押贷","中等文本","中等","medium","抵押贷",0.88
1686,"我想了解基金赎回的相关信息","投资理财","基金投资","基金赎回","短文本","简单","short","基金赎回, 基金",0.94
1687,"请问盾卡管理怎么操作","账户服务","安全验证","盾卡管理","短文本","简单","short","盾卡管理",0.91
1688,"开放式基金的申购流程是什么","投资理财","基金投资","开放式基金","短文本","简单","short","开放式基金, 基金, 流程",0.93
1689,"行内转账限额是多少","交易服务","转账汇款","行内转账","短文本","简单","short","行内转账, 转账",0.81
1690,"监管政策需要什么条件","风险合规","合规咨询","监管政策","短文本","简单","short","监管政策, 条件",0.84
1691,"账单分期需要什么条件","信贷服务","信用卡服务","账单分期","短文本","简单","short","账单分期, 条件",0.83
1692,"预期收益型的具体流程是什么","投资理财","理财产品","预期收益型","短文本","简单","short","预期收益型, 收益, 流程",0.86
1693,"我想了解产品公告的相关信息","风险合规","信息披露","产品公告","短文本","简单","short","产品公告",0.97
1694,"权限冻结的具体流程是什么","账户服务","权限设置","权限冻结","短文本","简单","short","权限冻结, 流程",0.89
1695,"我对稳健型产品很感兴趣，请问能介绍一下吗？我想知道相关的具体要求和办理流程","产品咨询","产品推荐","稳健型产品","中等文本","中等","medium","稳健型产品, 办理, 流程",0.88
1696,"我对实际收益很感兴趣，请问能介绍一下吗？我想知道相关的具体要求和办理流程","产品咨询","收益计算","实际收益","中等文本","简单","medium","实际收益, 收益, 办理, 流程",0.90
1697,"我对密码找回很感兴趣，请问能介绍一下吗？我想知道相关的具体要求和办理流程","账户服务","密码管理","密码找回","中等文本","中等","medium","密码找回, 密码, 办理, 流程",1.00
1698,"我对风险等级很感兴趣，请问能介绍一下吗？我想知道相关的具体要求和办理流程","风险合规","风险评估","风险等级","中等文本","中等","medium","风险等级, 风险, 办理, 流程",0.94
1699,"信用卡怎么激活","信贷服务","信用卡服务","信用卡激活","短文本","简单","short","信用卡激活, 信用卡",0.82
1700,"请问承受能力怎么操作","风险合规","风险评估","承受能力","短文本","简单","short","承受能力",0.97
1701,"请问额度调整怎么操作","信贷服务","额度管理","额度调整","短文本","简单","short","额度调整, 额度",0.92
1702,"我想了解保险理赔的相关信息","投资理财","保险规划","保险理赔","短文本","简单","short","保险理赔, 保险",0.98
1703,"请问账户注销怎么操作","账户服务","开户注销","账户注销","短文本","简单","short","账户注销",0.81
1704,"财产保险的具体流程是什么","投资理财","保险规划","财产保险","短文本","简单","short","财产保险, 保险, 流程",0.98
1705,"稳健型产品的具体流程是什么","产品咨询","产品推荐","稳健型产品","短文本","简单","short","稳健型产品, 流程",0.98
1706,"风险等级对比需要什么条件","产品咨询","产品对比","风险等级对比","短文本","简单","short","风险等级对比, 风险, 条件",0.94
1707,"跨行转账多久到账","交易服务","转账汇款","跨行转账","短文本","简单","short","跨行转账, 转账",0.84
1708,"我想了解风险提示的相关信息","风险合规","风险评估","风险提示","短文本","简单","short","风险提示, 风险",0.83
1709,"请问承受能力和其他类似服务相比有什么优势？我想做一个详细的了解和对比，看看哪个更适合我的需求","风险合规","风险评估","承受能力","中等文本","简单","medium","承受能力",0.93
1710,"美股交易需要什么条件","投资理财","股票投资","美股交易","短文本","简单","short","美股交易, 条件",0.85
1711,"请问净值型理财怎么操作","投资理财","理财产品","净值型理财","短文本","简单","short","净值型理财, 理财",0.86
1712,"请问对账单怎么操作","交易服务","交易查询","对账单","短文本","简单","short","对账单",0.97
1713,"流动资金贷款需要什么条件","信贷服务","企业贷款","流动资金贷款","短文本","简单","short","流动资金贷款, 贷款, 条件",0.94
1714,"请问预约转账和其他类似服务相比有什么优势？我想做一个详细的了解和对比，看看哪个更适合我的需求","交易服务","转账汇款","预约转账","中等文本","中等","medium","预约转账, 转账",0.96
1715,"风险提示的具体流程是什么","风险合规","风险评估","风险提示","短文本","简单","short","风险提示, 风险, 流程",0.93
1716,"消费贷需要什么条件","信贷服务","个人贷款","消费贷","短文本","简单","short","消费贷, 条件",0.82
1717,"A股交易需要什么条件","投资理财","股票投资","A股交易","短文本","简单","short","A股交易, 条件",0.95
1718,"资产配置建议的具体流程是什么","投资理财","资产配置","资产配置建议","短文本","简单","short","资产配置建议, 流程",0.80
1719,"我对固定资产贷款很感兴趣，请问能介绍一下吗？我想知道相关的具体要求和办理流程","信贷服务","企业贷款","固定资产贷款","中等文本","简单","medium","固定资产贷款, 贷款, 办理, 流程",0.89
1720,"我想了解额度调整的相关信息","信贷服务","额度管理","额度调整","短文本","简单","short","额度调整, 额度",0.81
1721,"我想了解对账单的相关信息","交易服务","交易查询","对账单","短文本","简单","short","对账单",0.99
1722,"我想了解实际收益的相关信息","产品咨询","收益计算","实际收益","短文本","简单","short","实际收益, 收益",0.93
1723,"请问风险提示书和其他类似服务相比有什么优势？我想做一个详细的了解和对比，看看哪个更适合我的需求","风险合规","信息披露","风险提示书","中等文本","简单","medium","风险提示书, 风险",0.99
1724,"请问交易记录怎么操作","交易服务","交易查询","交易记录","短文本","简单","short","交易记录",0.94
1725,"消费贷能贷多少钱","信贷服务","个人贷款","消费贷","短文本","简单","short","消费贷",0.84
1726,"我对贷款审批很感兴趣，请问能介绍一下吗？我想知道相关的具体要求和办理流程","信贷服务","企业贷款","贷款审批","中等文本","中等","medium","贷款审批, 贷款, 办理, 流程",0.87
1727,"充值话费有优惠吗","交易服务","支付缴费","手机充值","短文本","简单","short","手机充值",0.98
1728,"指数基金推荐","投资理财","基金投资","指数基金","短文本","简单","short","指数基金, 基金",0.89
1729,"代扣查询的具体流程是什么","交易服务","代扣代缴","代扣查询","短文本","简单","short","代扣查询, 查询, 流程",0.83
1730,"我想了解支付密码的相关信息","账户服务","密码管理","支付密码","短文本","简单","short","支付密码, 密码",0.98
1731,"持仓分析的具体流程是什么","投资理财","股票投资","持仓分析","短文本","简单","short","持仓分析, 流程",0.93
1732,"请问服务费怎么操作","产品咨询","费用说明","服务费","短文本","简单","short","服务费",0.85
1733,"服务费需要什么条件","产品咨询","费用说明","服务费","短文本","简单","short","服务费, 条件",0.95
1734,"跨行转账需要对方什么信息？只需要银行卡号还是也需要开户行名称？大额转账要提前预约吗","交易服务","转账汇款","跨行转账","中等文本","简单","medium","跨行转账, 转账, 开户",0.86
1735,"企业开户需要什么条件","账户服务","开户注销","企业开户","短文本","简单","short","企业开户, 开户, 条件",0.93
1736,"我对大额存单很感兴趣，请问能介绍一下吗？我想知道相关的具体要求和办理流程","投资理财","理财产品","大额存单","中等文本","中等","medium","大额存单, 办理, 流程",0.96
1737,"请问稳健型产品怎么操作","产品咨询","产品推荐","稳健型产品","短文本","简单","short","稳健型产品",0.84
1738,"进取型产品需要什么条件","产品咨询","产品推荐","进取型产品","短文本","简单","short","进取型产品, 条件",0.96
1739,"消费贷需要什么条件","信贷服务","个人贷款","消费贷","短文本","简单","short","消费贷, 条件",0.99
1740,"我想了解信息披露查询的相关信息","风险合规","信息披露","信息披露查询","短文本","简单","short","信息披露查询, 查询",0.89
1741,"怎么交水电费","交易服务","支付缴费","水电煤缴费","短文本","简单","short","水电煤缴费",0.91
1742,"水电煤缴费要手续费吗","交易服务","支付缴费","水电煤缴费","短文本","简单","short","水电煤缴费, 缴费, 手续费",0.96
1743,"车险的具体流程是什么","投资理财","保险规划","车险","短文本","简单","short","车险, 流程",0.83
1744,"债券基金适合长期持有吗","投资理财","基金投资","债券基金","短文本","简单","short","债券基金, 基金",0.85
1745,"我想装修房子需要30万，请问消费贷的申请流程是什么？需要提供哪些材料？大概多久能批下来","信贷服务","个人贷款","消费贷","中等文本","简单","medium","消费贷, 申请, 流程, 材料",0.83
1746,"请问基金赎回和其他类似服务相比有什么优势？我想做一个详细的了解和对比，看看哪个更适合我的需求","投资理财","基金投资","基金赎回","中等文本","简单","medium","基金赎回, 基金",0.90
1747,"请问进取型产品和其他类似服务相比有什么优势？我想做一个详细的了解和对比，看看哪个更适合我的需求","产品咨询","产品推荐","进取型产品","中等文本","中等","medium","进取型产品",0.96
1748,"指数基金跟踪哪些指数","投资理财","基金投资","指数基金","短文本","简单","short","指数基金, 基金",0.94
1749,"请问风险提示书怎么操作","风险合规","信息披露","风险提示书","短文本","简单","short","风险提示书, 风险",0.98
1750,"我对承受能力很感兴趣，请问能介绍一下吗？我想知道相关的具体要求和办理流程","风险合规","风险评估","承受能力","中等文本","中等","medium","承受能力, 办理, 流程",0.91
1751,"港股通的具体流程是什么","投资理财","股票投资","港股通","短文本","简单","short","港股通, 流程",0.90
1752,"请问电子回单怎么操作","交易服务","交易查询","电子回单","短文本","简单","short","电子回单",0.89
1753,"人脸识别需要什么条件","账户服务","安全验证","人脸识别","短文本","简单","short","人脸识别, 条件",0.94
1754,"请问A股交易怎么操作","投资理财","股票投资","A股交易","短文本","简单","short","A股交易",0.91
1755,"持仓分析需要什么条件","投资理财","股票投资","持仓分析","短文本","简单","short","持仓分析, 条件",0.95
1756,"临时额度的具体流程是什么","信贷服务","信用卡服务","临时额度","短文本","简单","short","临时额度, 额度, 流程",0.83
1757,"风险测评是什么","投资理财","资产配置","风险评估","短文本","简单","short","风险评估, 风险",0.89
1758,"请问财产保险怎么操作","投资理财","保险规划","财产保险","短文本","简单","short","财产保险, 保险",0.93
1759,"请问固定资产贷款怎么操作","信贷服务","企业贷款","固定资产贷款","短文本","简单","short","固定资产贷款, 贷款",0.87
1760,"股票查询需要什么条件","投资理财","股票投资","股票查询","短文本","简单","short","股票查询, 股票, 查询, 条件",0.86
1761,"我想了解自动缴费的相关信息","交易服务","代扣代缴","自动缴费","短文本","简单","short","自动缴费, 缴费",0.91
1762,"我想了解大额存单的相关信息","投资理财","理财产品","大额存单","短文本","简单","short","大额存单",0.85
1763,"固定资产贷款的具体流程是什么","信贷服务","企业贷款","固定资产贷款","短文本","简单","short","固定资产贷款, 贷款, 流程",0.96
1764,"纯债基金和混合债基的区别","投资理财","基金投资","债券基金","短文本","简单","short","债券基金, 基金",0.95
1765,"我想了解收益率对比的相关信息","产品咨询","产品对比","收益率对比","短文本","简单","short","收益率对比, 收益",0.88
1766,"稳健型产品需要什么条件","产品咨询","产品推荐","稳健型产品","短文本","简单","short","稳健型产品, 条件",0.92
1767,"房贷利率是多少","信贷服务","个人贷款","房贷","短文本","简单","short","房贷, 利率",0.84
1768,"风险评估不通过怎么办","投资理财","资产配置","风险评估","短文本","简单","short","风险评估, 风险",0.84
1769,"请问交通罚款和其他类似服务相比有什么优势？我想做一个详细的了解和对比，看看哪个更适合我的需求","交易服务","支付缴费","交通罚款","中等文本","中等","medium","交通罚款",0.85
1770,"我想了解结构性存款的相关信息","投资理财","理财产品","结构性存款","短文本","简单","short","结构性存款, 存款",0.92
1771,"请问休眠账户激活怎么操作","账户服务","开户注销","休眠账户激活","短文本","简单","short","休眠账户激活",0.83
1772,"请问实时转账和其他类似服务相比有什么优势？我想做一个详细的了解和对比，看看哪个更适合我的需求","交易服务","转账汇款","实时转账","中等文本","中等","medium","实时转账, 转账",0.98
1773,"股票查询的具体流程是什么","投资理财","股票投资","股票查询","短文本","简单","short","股票查询, 股票, 查询, 流程",0.94
1774,"我对盾卡管理很感兴趣，请问能介绍一下吗？我想知道相关的具体要求和办理流程","账户服务","安全验证","盾卡管理","中等文本","简单","medium","盾卡管理, 办理, 流程",0.95
1775,"我想了解贷款计算的相关信息","信贷服务","个人贷款","贷款计算","短文本","简单","short","贷款计算, 贷款",0.91
1776,"我想了解风险提示书的相关信息","风险合规","信息披露","风险提示书","短文本","简单","short","风险提示书, 风险",0.86
1777,"贷款计算需要什么条件","信贷服务","个人贷款","贷款计算","短文本","简单","short","贷款计算, 贷款, 条件",0.83
1778,"我想了解人脸识别的相关信息","账户服务","安全验证","人脸识别","短文本","简单","short","人脸识别",0.89
1779,"权限冻结需要什么条件","账户服务","权限设置","权限冻结","短文本","简单","short","权限冻结, 条件",0.83
1780,"手续费需要什么条件","产品咨询","费用说明","手续费","短文本","简单","short","手续费, 条件",0.81
1781,"我想了解复利计算的相关信息","产品咨询","收益计算","复利计算","短文本","简单","short","复利计算",1.00
1782,"我对流动资金贷款很感兴趣，请问能介绍一下吗？我想知道相关的具体要求和办理流程","信贷服务","企业贷款","流动资金贷款","中等文本","简单","medium","流动资金贷款, 贷款, 办理, 流程",0.86
1783,"反洗钱审核要多久","风险合规","合规咨询","反洗钱","短文本","简单","short","反洗钱",0.82
1784,"我对大额存单很感兴趣，请问能介绍一下吗？我想知道相关的具体要求和办理流程","投资理财","理财产品","大额存单","中等文本","中等","medium","大额存单, 办理, 流程",0.83
1785,"请问净值型理财和其他类似服务相比有什么优势？我想做一个详细的了解和对比，看看哪个更适合我的需求","投资理财","理财产品","净值型理财","中等文本","简单","medium","净值型理财, 理财",0.82
1786,"请问电子回单和其他类似服务相比有什么优势？我想做一个详细的了解和对比，看看哪个更适合我的需求","交易服务","交易查询","电子回单","中等文本","简单","medium","电子回单",0.90
1787,"请问贷款审批和其他类似服务相比有什么优势？我想做一个详细的了解和对比，看看哪个更适合我的需求","信贷服务","企业贷款","贷款审批","中等文本","简单","medium","贷款审批, 贷款",0.83
1788,"我对自动缴费很感兴趣，请问能介绍一下吗？我想知道相关的具体要求和办理流程","交易服务","代扣代缴","自动缴费","中等文本","简单","medium","自动缴费, 缴费, 办理, 流程",0.89
1789,"请问交易权限怎么操作","账户服务","权限设置","交易权限","短文本","简单","short","交易权限",0.95
1790,"我想了解经营贷的相关信息","信贷服务","个人贷款","经营贷","短文本","简单","short","经营贷",0.83
1791,"身份识别需要什么条件","风险合规","合规咨询","身份识别","短文本","简单","short","身份识别, 条件",0.87
1792,"请问赎回费怎么操作","产品咨询","费用说明","赎回费","短文本","简单","short","赎回费",0.83
1793,"请问流动资金贷款和其他类似服务相比有什么优势？我想做一个详细的了解和对比，看看哪个更适合我的需求","信贷服务","企业贷款","流动资金贷款","中等文本","中等","medium","流动资金贷款, 贷款",0.95
1794,"请问货币基金怎么操作","投资理财","基金投资","货币基金","短文本","简单","short","货币基金, 基金",0.96
1795,"请问大额存单和其他类似服务相比有什么优势？我想做一个详细的了解和对比，看看哪个更适合我的需求","投资理财","理财产品","大额存单","中等文本","中等","medium","大额存单",0.89
1796,"我想了解港股通的相关信息","投资理财","股票投资","港股通","短文本","简单","short","港股通",0.98
1797,"请问密码重置和其他类似服务相比有什么优势？我想做一个详细的了解和对比，看看哪个更适合我的需求","账户服务","密码管理","密码重置","中等文本","简单","medium","密码重置, 密码",0.96
1798,"请问进取型产品怎么操作","产品咨询","产品推荐","进取型产品","短文本","简单","short","进取型产品",0.81
1799,"风险测评是什么","投资理财","资产配置","风险评估","短文本","简单","short","风险评估, 风险",0.92
1800,"我想了解产品优缺点的相关信息","产品咨询","产品对比","产品优缺点","短文本","简单","short","产品优缺点",0.87
1801,"我想了解密码重置的相关信息","账户服务","密码管理","密码重置","短文本","简单","short","密码重置, 密码",1.00
1802,"请问收益率对比和其他类似服务相比有什么优势？我想做一个详细的了解和对比，看看哪个更适合我的需求","产品咨询","产品对比","收益率对比","中等文本","简单","medium","收益率对比, 收益",0.94
1803,"我想了解财产保险的相关信息","投资理财","保险规划","财产保险","短文本","简单","short","财产保险, 保险",0.89
1804,"贷款审批需要什么条件","信贷服务","企业贷款","贷款审批","短文本","简单","short","贷款审批, 贷款, 条件",0.84
1805,"企业开户的具体流程是什么","账户服务","开户注销","企业开户","短文本","简单","short","企业开户, 开户, 流程",0.94
1806,"请问股票查询怎么操作","投资理财","股票投资","股票查询","短文本","简单","short","股票查询, 股票, 查询",0.87
1807,"我想了解港股通的相关信息","投资理财","股票投资","港股通","短文本","简单","short","港股通",0.87
1808,"我对基金转换很感兴趣，请问能介绍一下吗？我想知道相关的具体要求和办理流程","投资理财","基金投资","基金转换","中等文本","简单","medium","基金转换, 基金, 办理, 流程",0.98
1809,"请问转账限额和其他类似服务相比有什么优势？我想做一个详细的了解和对比，看看哪个更适合我的需求","账户服务","权限设置","转账限额","中等文本","中等","medium","转账限额, 转账",0.94
1810,"我想了解健康保险的相关信息","投资理财","保险规划","健康保险","短文本","简单","short","健康保险, 保险",0.93
1811,"我对密码重置很感兴趣，请问能介绍一下吗？我想知道相关的具体要求和办理流程","账户服务","密码管理","密码重置","中等文本","中等","medium","密码重置, 密码, 办理, 流程",0.87
1812,"贸易融资需要什么条件","信贷服务","企业贷款","贸易融资","短文本","简单","short","贸易融资, 条件",0.99
1813,"怎么修改登录密码","账户服务","密码管理","登录密码","短文本","简单","short","登录密码, 密码",0.99
1814,"我想了解跨境汇款的相关信息","交易服务","转账汇款","跨境汇款","短文本","简单","short","跨境汇款",0.96
1815,"请问持仓分析和其他类似服务相比有什么优势？我想做一个详细的了解和对比，看看哪个更适合我的需求","投资理财","股票投资","持仓分析","中等文本","简单","medium","持仓分析",0.89
1816,"我想了解流动资金贷款的相关信息","信贷服务","企业贷款","流动资金贷款","短文本","简单","short","流动资金贷款, 贷款",0.86
1817,"我对贷款审批很感兴趣，请问能介绍一下吗？我想知道相关的具体要求和办理流程","信贷服务","企业贷款","贷款审批","中等文本","简单","medium","贷款审批, 贷款, 办理, 流程",0.95
1818,"我想了解车险的相关信息","投资理财","保险规划","车险","短文本","简单","short","车险",0.87
1819,"请问产品说明书怎么操作","风险合规","信息披露","产品说明书","短文本","简单","short","产品说明书",0.95
1820,"我对产品优缺点很感兴趣，请问能介绍一下吗？我想知道相关的具体要求和办理流程","产品咨询","产品对比","产品优缺点","中等文本","中等","medium","产品优缺点, 办理, 流程",0.88
1821,"我对临时额度很感兴趣，请问能介绍一下吗？我想知道相关的具体要求和办理流程","信贷服务","信用卡服务","临时额度","中等文本","简单","medium","临时额度, 额度, 办理, 流程",0.96
1822,"我想了解手续费的相关信息","产品咨询","费用说明","手续费","短文本","简单","short","手续费",1.00
1823,"赎回费的具体流程是什么","产品咨询","费用说明","赎回费","短文本","简单","short","赎回费, 流程",0.99
1824,"指数基金怎么选","投资理财","基金投资","指数基金","短文本","简单","short","指数基金, 基金",0.94
1825,"请问代扣取消和其他类似服务相比有什么优势？我想做一个详细的了解和对比，看看哪个更适合我的需求","交易服务","代扣代缴","代扣取消","中等文本","中等","medium","代扣取消",0.97
1826,"货币基金需要什么条件","投资理财","基金投资","货币基金","短文本","简单","short","货币基金, 基金, 条件",0.98
1827,"我对低风险产品很感兴趣，请问能介绍一下吗？我想知道相关的具体要求和办理流程","产品咨询","产品推荐","低风险产品","中等文本","中等","medium","低风险产品, 风险, 办理, 流程",0.93
1828,"请问预期收益型和其他类似服务相比有什么优势？我想做一个详细的了解和对比，看看哪个更适合我的需求","投资理财","理财产品","预期收益型","中等文本","中等","medium","预期收益型, 收益",1.00
1829,"经营贷的具体流程是什么","信贷服务","个人贷款","经营贷","短文本","简单","short","经营贷, 流程",1.00
1830,"抵押贷需要什么条件","信贷服务","个人贷款","抵押贷","短文本","简单","short","抵押贷, 条件",0.82
1831,"请问稳健型产品怎么操作","产品咨询","产品推荐","稳健型产品","短文本","简单","short","稳健型产品",0.98
1832,"我想了解股票查询的相关信息","投资理财","股票投资","股票查询","短文本","简单","short","股票查询, 股票, 查询",0.85
1833,"盾卡管理的具体流程是什么","账户服务","安全验证","盾卡管理","短文本","简单","short","盾卡管理, 流程",0.84
1834,"我想申购开放式基金","投资理财","基金投资","开放式基金","短文本","简单","short","开放式基金, 基金",0.87
1835,"我想了解热门产品的相关信息","产品咨询","产品推荐","热门产品","短文本","简单","short","热门产品",0.90
1836,"请问投资组合怎么操作","投资理财","资产配置","投资组合","短文本","简单","short","投资组合",0.82
1837,"请问贷款计算怎么操作","信贷服务","个人贷款","贷款计算","短文本","简单","short","贷款计算, 贷款",0.84
1838,"我想了解基金转换的相关信息","投资理财","基金投资","基金转换","短文本","简单","short","基金转换, 基金",0.82
1839,"请问贷款计算怎么操作","信贷服务","个人贷款","贷款计算","短文本","简单","short","贷款计算, 贷款",0.94
1840,"我想了解预约转账的相关信息","交易服务","转账汇款","预约转账","短文本","简单","short","预约转账, 转账",0.88
1841,"我想了解风险等级对比的相关信息","产品咨询","产品对比","风险等级对比","短文本","简单","short","风险等级对比, 风险",1.00
1842,"什么是反洗钱","风险合规","合规咨询","反洗钱","短文本","简单","short","反洗钱",0.85
1843,"我想了解承受能力的相关信息","风险合规","风险评估","承受能力","短文本","简单","short","承受能力",0.91
1844,"健康保险的具体流程是什么","投资理财","保险规划","健康保险","短文本","简单","short","健康保险, 保险, 流程",0.89
1845,"消费贷利率多少","信贷服务","个人贷款","消费贷","短文本","简单","short","消费贷, 利率",1.00
1846,"请问财产保险怎么操作","投资理财","保险规划","财产保险","短文本","简单","short","财产保险, 保险",0.91
1847,"风险评估怎么做","投资理财","资产配置","风险评估","短文本","简单","short","风险评估, 风险",0.95
1848,"结构性存款的具体流程是什么","投资理财","理财产品","结构性存款","短文本","简单","short","结构性存款, 存款, 流程",0.86
1849,"请问港股通和其他类似服务相比有什么优势？我想做一个详细的了解和对比，看看哪个更适合我的需求","投资理财","股票投资","港股通","中等文本","中等","medium","港股通",0.95
1850,"我对电子回单很感兴趣，请问能介绍一下吗？我想知道相关的具体要求和办理流程","交易服务","交易查询","电子回单","中等文本","简单","medium","电子回单, 办理, 流程",0.95
1851,"临时额度和固定额度的区别","信贷服务","信用卡服务","额度提升","短文本","简单","short","额度提升, 额度",0.98
1852,"请问流动资金贷款怎么操作","信贷服务","企业贷款","流动资金贷款","短文本","简单","short","流动资金贷款, 贷款",0.97
1853,"请问结构性存款怎么操作","投资理财","理财产品","结构性存款","短文本","简单","short","结构性存款, 存款",0.90
1854,"请问手续费怎么操作","产品咨询","费用说明","手续费","短文本","简单","short","手续费",0.81
1855,"我对意外险很感兴趣，请问能介绍一下吗？我想知道相关的具体要求和办理流程","投资理财","保险规划","意外险","中等文本","简单","medium","意外险, 办理, 流程",0.90
1856,"临时额度需要什么条件","信贷服务","信用卡服务","临时额度","短文本","简单","short","临时额度, 额度, 条件",0.88
1857,"我想了解收益率对比的相关信息","产品咨询","产品对比","收益率对比","短文本","简单","short","收益率对比, 收益",0.81
1858,"请问信用贷怎么操作","信贷服务","个人贷款","信用贷","短文本","简单","short","信用贷",0.87
1859,"请问历史收益查询和其他类似服务相比有什么优势？我想做一个详细的了解和对比，看看哪个更适合我的需求","产品咨询","收益计算","历史收益查询","中等文本","简单","medium","历史收益查询, 收益, 查询",0.87
1860,"风险等级需要什么条件","风险合规","风险评估","风险等级","短文本","简单","short","风险等级, 风险, 条件",0.98
1861,"我想用手机银行交家里的水电费和燃气费，请问怎么操作？需要绑定户号吗","交易服务","支付缴费","水电煤缴费","中等文本","中等","medium","水电煤缴费",0.97
1862,"我想了解意外险的相关信息","投资理财","保险规划","意外险","短文本","简单","short","意外险",0.83
1863,"我对办卡申请很感兴趣，请问能介绍一下吗？我想知道相关的具体要求和办理流程","信贷服务","信用卡服务","办卡申请","中等文本","简单","medium","办卡申请, 申请, 办理, 流程",0.84
1864,"我对信息披露查询很感兴趣，请问能介绍一下吗？我想知道相关的具体要求和办理流程","风险合规","信息披露","信息披露查询","中等文本","中等","medium","信息披露查询, 查询, 办理, 流程",0.83
1865,"请问密码找回怎么操作","账户服务","密码管理","密码找回","短文本","简单","short","密码找回, 密码",1.00
1866,"请问人寿保险怎么操作","投资理财","保险规划","人寿保险","短文本","简单","short","人寿保险, 保险",0.83
1867,"休眠账户激活的具体流程是什么","账户服务","开户注销","休眠账户激活","短文本","简单","short","休眠账户激活, 流程",0.82
1868,"行内转账的限额是多少？我需要转账5万块钱，能不能一次性转出去","交易服务","转账汇款","行内转账","短文本","简单","short","行内转账, 转账",0.86
1869,"货币基金的具体流程是什么","投资理财","基金投资","货币基金","短文本","简单","short","货币基金, 基金, 流程",0.86
1870,"我想了解定期调整的相关信息","投资理财","资产配置","定期调整","短文本","简单","short","定期调整",0.85
1871,"请问管理费和其他类似服务相比有什么优势？我想做一个详细的了解和对比，看看哪个更适合我的需求","产品咨询","费用说明","管理费","中等文本","简单","medium","管理费",0.92
1872,"请问手续费和其他类似服务相比有什么优势？我想做一个详细的了解和对比，看看哪个更适合我的需求","产品咨询","费用说明","手续费","中等文本","中等","medium","手续费",0.99
1873,"我想了解休眠账户激活的相关信息","账户服务","开户注销","休眠账户激活","短文本","简单","short","休眠账户激活",0.98
1874,"信息披露查询的具体流程是什么","风险合规","信息披露","信息披露查询","短文本","简单","short","信息披露查询, 查询, 流程",0.86
1875,"请问风险测评和其他类似服务相比有什么优势？我想做一个详细的了解和对比，看看哪个更适合我的需求","风险合规","风险评估","风险测评","中等文本","简单","medium","风险测评, 风险",0.83
1876,"我对身份识别很感兴趣，请问能介绍一下吗？我想知道相关的具体要求和办理流程","风险合规","合规咨询","身份识别","中等文本","中等","medium","身份识别, 办理, 流程",0.82
1877,"我想了解实时转账的相关信息","交易服务","转账汇款","实时转账","短文本","简单","short","实时转账, 转账",0.81
1878,"请问密码重置怎么操作","账户服务","密码管理","密码重置","短文本","简单","short","密码重置, 密码",0.89
1879,"请问监管政策和其他类似服务相比有什么优势？我想做一个详细的了解和对比，看看哪个更适合我的需求","风险合规","合规咨询","监管政策","中等文本","简单","medium","监管政策",0.81
1880,"我想了解电子回单的相关信息","交易服务","交易查询","电子回单","短文本","简单","short","电子回单",0.93
1881,"公积金贷款和商贷的区别","信贷服务","个人贷款","房贷","短文本","简单","short","房贷, 贷款",0.95
1882,"权限冻结的具体流程是什么","账户服务","权限设置","权限冻结","短文本","简单","short","权限冻结, 流程",0.88
1883,"我对健康保险很感兴趣，请问能介绍一下吗？我想知道相关的具体要求和办理流程","投资理财","保险规划","健康保险","中等文本","简单","medium","健康保险, 保险, 办理, 流程",0.89
1884,"低风险产品的具体流程是什么","产品咨询","产品推荐","低风险产品","短文本","简单","short","低风险产品, 风险, 流程",0.81
1885,"车险的具体流程是什么","投资理财","保险规划","车险","短文本","简单","short","车险, 流程",0.82
1886,"请问人寿保险和其他类似服务相比有什么优势？我想做一个详细的了解和对比，看看哪个更适合我的需求","投资理财","保险规划","人寿保险","中等文本","简单","medium","人寿保险, 保险",0.88
1887,"A股交易需要什么条件","投资理财","股票投资","A股交易","短文本","简单","short","A股交易, 条件",0.88
1888,"健康保险的具体流程是什么","投资理财","保险规划","健康保险","短文本","简单","short","健康保险, 保险, 流程",0.96
1889,"请问收益率对比和其他类似服务相比有什么优势？我想做一个详细的了解和对比，看看哪个更适合我的需求","产品咨询","产品对比","收益率对比","中等文本","中等","medium","收益率对比, 收益",0.99
1890,"我对财产保险很感兴趣，请问能介绍一下吗？我想知道相关的具体要求和办理流程","投资理财","保险规划","财产保险","中等文本","中等","medium","财产保险, 保险, 办理, 流程",0.94
1891,"收到信用卡后要做什么","信贷服务","信用卡服务","信用卡激活","短文本","简单","short","信用卡激活, 信用卡",0.93
1892,"请问进取型产品怎么操作","产品咨询","产品推荐","进取型产品","短文本","简单","short","进取型产品",0.81
1893,"贸易融资需要什么条件","信贷服务","企业贷款","贸易融资","短文本","简单","short","贸易融资, 条件",0.82
1894,"我对转账限额很感兴趣，请问能介绍一下吗？我想知道相关的具体要求和办理流程","账户服务","权限设置","转账限额","中等文本","中等","medium","转账限额, 转账, 办理, 流程",0.81
1895,"管理费的具体流程是什么","产品咨询","费用说明","管理费","短文本","简单","short","管理费, 流程",0.91
1896,"投资组合需要什么条件","投资理财","资产配置","投资组合","短文本","简单","short","投资组合, 条件",0.91
1897,"我对风险提示书很感兴趣，请问能介绍一下吗？我想知道相关的具体要求和办理流程","风险合规","信息披露","风险提示书","中等文本","简单","medium","风险提示书, 风险, 办理, 流程",0.82
1898,"请问自动缴费和其他类似服务相比有什么优势？我想做一个详细的了解和对比，看看哪个更适合我的需求","交易服务","代扣代缴","自动缴费","中等文本","中等","medium","自动缴费, 缴费",0.96
1899,"请问额度查询怎么操作","信贷服务","额度管理","额度查询","短文本","简单","short","额度查询, 额度, 查询",0.98
1900,"请问交易明细和其他类似服务相比有什么优势？我想做一个详细的了解和对比，看看哪个更适合我的需求","交易服务","交易查询","交易明细","中等文本","中等","medium","交易明细",0.84
1901,"财产保险的具体流程是什么","投资理财","保险规划","财产保险","短文本","简单","short","财产保险, 保险, 流程",0.81
1902,"自动缴费的具体流程是什么","交易服务","代扣代缴","自动缴费","短文本","简单","short","自动缴费, 缴费, 流程",0.87
1903,"我想投资指数基金，请问沪深300指数基金和上证50指数基金哪个更适合长期持有？","投资理财","基金投资","指数基金","中等文本","中等","medium","指数基金, 基金",0.97
1904,"监管政策需要什么条件","风险合规","合规咨询","监管政策","短文本","简单","short","监管政策, 条件",0.87
1905,"请问能不能设置自动扣款缴费？每月自动从我的账户里扣水电费，怎么开通这个功能","交易服务","支付缴费","水电煤缴费","中等文本","简单","medium","水电煤缴费, 缴费",0.90
1906,"我想了解赎回费的相关信息","产品咨询","费用说明","赎回费","短文本","简单","short","赎回费",0.97
1907,"债券基金收益怎么样","投资理财","基金投资","债券基金","短文本","简单","short","债券基金, 收益, 基金",0.92
1908,"请问抵押贷和其他类似服务相比有什么优势？我想做一个详细的了解和对比，看看哪个更适合我的需求","信贷服务","个人贷款","抵押贷","中等文本","中等","medium","抵押贷",0.86
1909,"请问贷款计算和其他类似服务相比有什么优势？我想做一个详细的了解和对比，看看哪个更适合我的需求","信贷服务","个人贷款","贷款计算","中等文本","中等","medium","贷款计算, 贷款",0.95
1910,"请问健康保险怎么操作","投资理财","保险规划","健康保险","短文本","简单","short","健康保险, 保险",0.94
1911,"我对风险等级很感兴趣，请问能介绍一下吗？我想知道相关的具体要求和办理流程","风险合规","风险评估","风险等级","中等文本","简单","medium","风险等级, 风险, 办理, 流程",0.86
1912,"请问持仓分析怎么操作","投资理财","股票投资","持仓分析","短文本","简单","short","持仓分析",0.81
1913,"定期调整的具体流程是什么","投资理财","资产配置","定期调整","短文本","简单","short","定期调整, 流程",0.82
1914,"额度查询需要什么条件","信贷服务","额度管理","额度查询","短文本","简单","short","额度查询, 额度, 查询, 条件",0.98
1915,"我想了解代扣查询的相关信息","交易服务","代扣代缴","代扣查询","短文本","简单","short","代扣查询, 查询",0.86
1916,"请问委托授权怎么操作","账户服务","权限设置","委托授权","短文本","简单","short","委托授权",0.97
1917,"跨行转账需要什么信息","交易服务","转账汇款","跨行转账","短文本","简单","short","跨行转账, 转账",0.84
1918,"请问交易明细怎么操作","交易服务","交易查询","交易明细","短文本","简单","short","交易明细",0.96
1919,"大额存单需要什么条件","投资理财","理财产品","大额存单","短文本","简单","short","大额存单, 条件",0.82
1920,"复利计算需要什么条件","产品咨询","收益计算","复利计算","短文本","简单","short","复利计算, 条件",0.97
1921,"银行理财需要什么条件","投资理财","理财产品","银行理财","短文本","简单","short","银行理财, 理财, 条件",0.90
1922,"我对抵押贷很感兴趣，请问能介绍一下吗？我想知道相关的具体要求和办理流程","信贷服务","个人贷款","抵押贷","中等文本","中等","medium","抵押贷, 办理, 流程",0.81
1923,"信用贷需要什么条件","信贷服务","个人贷款","信用贷","短文本","简单","short","信用贷, 条件",0.99
1924,"贷款审批的具体流程是什么","信贷服务","企业贷款","贷款审批","短文本","简单","short","贷款审批, 贷款, 流程",0.91
1925,"我想了解投资组合的相关信息","投资理财","资产配置","投资组合","短文本","简单","short","投资组合",0.96
1926,"我对交易权限很感兴趣，请问能介绍一下吗？我想知道相关的具体要求和办理流程","账户服务","权限设置","交易权限","中等文本","中等","medium","交易权限, 办理, 流程",0.91
1927,"交通罚款需要什么条件","交易服务","支付缴费","交通罚款","短文本","简单","short","交通罚款, 条件",0.80
1928,"请问额度查询和其他类似服务相比有什么优势？我想做一个详细的了解和对比，看看哪个更适合我的需求","信贷服务","额度管理","额度查询","中等文本","简单","medium","额度查询, 额度, 查询",0.90
1929,"实时转账的具体流程是什么","交易服务","转账汇款","实时转账","短文本","简单","short","实时转账, 转账, 流程",0.95
1930,"流动资金贷款的具体流程是什么","信贷服务","企业贷款","流动资金贷款","短文本","简单","short","流动资金贷款, 贷款, 流程",0.99
1931,"什么是指数基金","投资理财","基金投资","指数基金","短文本","简单","short","指数基金, 基金",0.94
1932,"实际收益需要什么条件","产品咨询","收益计算","实际收益","短文本","简单","short","实际收益, 收益, 条件",0.96
1933,"请问预期收益和其他类似服务相比有什么优势？我想做一个详细的了解和对比，看看哪个更适合我的需求","产品咨询","收益计算","预期收益","中等文本","中等","medium","预期收益, 收益",0.87
1934,"请问实名认证和其他类似服务相比有什么优势？我想做一个详细的了解和对比，看看哪个更适合我的需求","账户服务","安全验证","实名认证","中等文本","中等","medium","实名认证",0.86
1935,"服务费的具体流程是什么","产品咨询","费用说明","服务费","短文本","简单","short","服务费, 流程",0.92
1936,"合规要求的具体流程是什么","风险合规","合规咨询","合规要求","短文本","简单","short","合规要求, 流程",0.99
1937,"我想了解代扣设置的相关信息","交易服务","代扣代缴","代扣设置","短文本","简单","short","代扣设置",0.86
1938,"代扣取消的具体流程是什么","交易服务","代扣代缴","代扣取消","短文本","简单","short","代扣取消, 流程",0.88
1939,"请问银行理财怎么操作","投资理财","理财产品","银行理财","短文本","简单","short","银行理财, 理财",0.93
1940,"产品优缺点的具体流程是什么","产品咨询","产品对比","产品优缺点","短文本","简单","short","产品优缺点, 流程",0.82
1941,"产品公告的具体流程是什么","风险合规","信息披露","产品公告","短文本","简单","short","产品公告, 流程",0.98
1942,"我想买一套房子，贷款200万，30年还清，请问等额本息和等额本金哪种还款方式更划算？","信贷服务","个人贷款","房贷","中等文本","简单","medium","房贷, 贷款",0.89
1943,"请问信息披露查询怎么操作","风险合规","信息披露","信息披露查询","短文本","简单","short","信息披露查询, 查询",0.91
1944,"请问账单分期怎么操作","信贷服务","信用卡服务","账单分期","短文本","简单","short","账单分期",0.88
1945,"请问财产保险和其他类似服务相比有什么优势？我想做一个详细的了解和对比，看看哪个更适合我的需求","投资理财","保险规划","财产保险","中等文本","中等","medium","财产保险, 保险",0.93
1946,"请问基金赎回和其他类似服务相比有什么优势？我想做一个详细的了解和对比，看看哪个更适合我的需求","投资理财","基金投资","基金赎回","中等文本","中等","medium","基金赎回, 基金",0.96
1947,"基金定投怎么设置","投资理财","基金投资","基金定投","短文本","简单","short","基金定投, 基金",0.96
1948,"健康保险需要什么条件","投资理财","保险规划","健康保险","短文本","简单","short","健康保险, 保险, 条件",0.93
1949,"请问转账限额和其他类似服务相比有什么优势？我想做一个详细的了解和对比，看看哪个更适合我的需求","账户服务","权限设置","转账限额","中等文本","中等","medium","转账限额, 转账",0.82
1950,"房贷利率是多少","信贷服务","个人贷款","房贷","短文本","简单","short","房贷, 利率",0.88
1951,"请问历史收益查询和其他类似服务相比有什么优势？我想做一个详细的了解和对比，看看哪个更适合我的需求","产品咨询","收益计算","历史收益查询","中等文本","中等","medium","历史收益查询, 收益, 查询",0.84
1952,"我想了解办卡申请的相关信息","信贷服务","信用卡服务","办卡申请","短文本","简单","short","办卡申请, 申请",0.91
1953,"请问产品优缺点怎么操作","产品咨询","产品对比","产品优缺点","短文本","简单","short","产品优缺点",0.99
1954,"抵押贷的具体流程是什么","信贷服务","个人贷款","抵押贷","短文本","简单","short","抵押贷, 流程",0.95
1955,"交易权限的具体流程是什么","账户服务","权限设置","交易权限","短文本","简单","short","交易权限, 流程",0.96
1956,"低风险产品需要什么条件","产品咨询","产品推荐","低风险产品","短文本","简单","short","低风险产品, 风险, 条件",0.89
1957,"个人消费贷怎么申请","信贷服务","个人贷款","消费贷","短文本","简单","short","消费贷, 申请",0.94
1958,"债券基金收益怎么样","投资理财","基金投资","债券基金","短文本","简单","short","债券基金, 收益, 基金",0.89
1959,"我对担保方式很感兴趣，请问能介绍一下吗？我想知道相关的具体要求和办理流程","信贷服务","额度管理","担保方式","中等文本","中等","medium","担保方式, 办理, 流程",0.93
1960,"转账限额需要什么条件","账户服务","权限设置","转账限额","短文本","简单","short","转账限额, 转账, 条件",0.83
1961,"我对电子回单很感兴趣，请问能介绍一下吗？我想知道相关的具体要求和办理流程","交易服务","交易查询","电子回单","中等文本","中等","medium","电子回单, 办理, 流程",0.88
1962,"请问银行理财怎么操作","投资理财","理财产品","银行理财","短文本","简单","short","银行理财, 理财",0.99
1963,"请问身份识别怎么操作","风险合规","合规咨询","身份识别","短文本","简单","short","身份识别",0.92
1964,"我想了解人寿保险的相关信息","投资理财","保险规划","人寿保险","短文本","简单","short","人寿保险, 保险",0.81
1965,"企业开户需要什么条件","账户服务","开户注销","企业开户","短文本","简单","short","企业开户, 开户, 条件",0.95
1966,"怎么交水电费","交易服务","支付缴费","水电煤缴费","短文本","简单","short","水电煤缴费",0.93
1967,"登录密码忘了怎么办","账户服务","密码管理","登录密码","短文本","简单","short","登录密码, 密码",0.88
1968,"我想了解意外险的相关信息","投资理财","保险规划","意外险","短文本","简单","short","意外险",0.90
1969,"管理费的具体流程是什么","产品咨询","费用说明","管理费","短文本","简单","short","管理费, 流程",0.93
1970,"基金定投怎么设置","投资理财","基金投资","基金定投","短文本","简单","short","基金定投, 基金",0.90
1971,"请问授信管理和其他类似服务相比有什么优势？我想做一个详细的了解和对比，看看哪个更适合我的需求","信贷服务","额度管理","授信管理","中等文本","简单","medium","授信管理",0.81
1972,"资产配置建议需要什么条件","投资理财","资产配置","资产配置建议","短文本","简单","short","资产配置建议, 条件",0.90
1973,"请问保险理赔和其他类似服务相比有什么优势？我想做一个详细的了解和对比，看看哪个更适合我的需求","投资理财","保险规划","保险理赔","中等文本","简单","medium","保险理赔, 保险",0.82
1974,"开户时要做反洗钱身份识别，请问需要提供什么信息？为什么还要问我的职业和年收入","风险合规","合规咨询","反洗钱","中等文本","中等","medium","反洗钱, 开户",0.84
1975,"股票查询的具体流程是什么","投资理财","股票投资","股票查询","短文本","简单","short","股票查询, 股票, 查询, 流程",0.96
1976,"请问临时额度怎么操作","信贷服务","信用卡服务","临时额度","短文本","简单","short","临时额度, 额度",0.84
1977,"我想了解自动缴费的相关信息","交易服务","代扣代缴","自动缴费","短文本","简单","short","自动缴费, 缴费",0.91
1978,"我想了解风险等级的相关信息","风险合规","风险评估","风险等级","短文本","简单","short","风险等级, 风险",0.97
1979,"人寿保险需要什么条件","投资理财","保险规划","人寿保险","短文本","简单","short","人寿保险, 保险, 条件",0.81
1980,"新股申购需要什么条件","投资理财","股票投资","新股申购","短文本","简单","short","新股申购, 条件",0.90
1981,"信息披露查询需要什么条件","风险合规","信息披露","信息披露查询","短文本","简单","short","信息披露查询, 查询, 条件",0.94
1982,"我对短信验证很感兴趣，请问能介绍一下吗？我想知道相关的具体要求和办理流程","账户服务","安全验证","短信验证","中等文本","中等","medium","短信验证, 办理, 流程",0.94
1983,"请问新股申购和其他类似服务相比有什么优势？我想做一个详细的了解和对比，看看哪个更适合我的需求","投资理财","股票投资","新股申购","中等文本","简单","medium","新股申购",0.90
1984,"请问承受能力怎么操作","风险合规","风险评估","承受能力","短文本","简单","short","承受能力",0.81
1985,"我对转账限额很感兴趣，请问能介绍一下吗？我想知道相关的具体要求和办理流程","账户服务","权限设置","转账限额","中等文本","简单","medium","转账限额, 转账, 办理, 流程",0.89
1986,"产品说明书需要什么条件","风险合规","信息披露","产品说明书","短文本","简单","short","产品说明书, 条件",0.83
1987,"我对交易记录很感兴趣，请问能介绍一下吗？我想知道相关的具体要求和办理流程","交易服务","交易查询","交易记录","中等文本","简单","medium","交易记录, 办理, 流程",0.88
1988,"我对预期收益型很感兴趣，请问能介绍一下吗？我想知道相关的具体要求和办理流程","投资理财","理财产品","预期收益型","中等文本","简单","medium","预期收益型, 收益, 办理, 流程",0.88
1989,"我对结构性存款很感兴趣，请问能介绍一下吗？我想知道相关的具体要求和办理流程","投资理财","理财产品","结构性存款","中等文本","简单","medium","结构性存款, 存款, 办理, 流程",0.85
1990,"产品公告需要什么条件","风险合规","信息披露","产品公告","短文本","简单","short","产品公告, 条件",0.96
1991,"请问美股交易怎么操作","投资理财","股票投资","美股交易","短文本","简单","short","美股交易",0.81
1992,"我想了解信用贷的相关信息","信贷服务","个人贷款","信用贷","短文本","简单","short","信用贷",0.88
1993,"我想了解费用对比的相关信息","产品咨询","产品对比","费用对比","短文本","简单","short","费用对比",0.96
1994,"我想了解办卡申请的相关信息","信贷服务","信用卡服务","办卡申请","短文本","简单","short","办卡申请, 申请",0.83
1995,"请问贸易融资怎么操作","信贷服务","企业贷款","贸易融资","短文本","简单","short","贸易融资",0.88
1996,"请问额度查询和其他类似服务相比有什么优势？我想做一个详细的了解和对比，看看哪个更适合我的需求","信贷服务","额度管理","额度查询","中等文本","简单","medium","额度查询, 额度, 查询",0.86
1997,"基金定投 SMART 定投和普通定投有什么区别？我在什么情况下应该使用智能定投策略？","投资理财","基金投资","基金定投","中等文本","中等","medium","基金定投, 基金",0.94
1998,"持仓分析需要什么条件","投资理财","股票投资","持仓分析","短文本","简单","short","持仓分析, 条件",0.96
1999,"请问信用贷和其他类似服务相比有什么优势？我想做一个详细的了解和对比，看看哪个更适合我的需求","信贷服务","个人贷款","信用贷","中等文本","中等","medium","信用贷",0.80